industry,city,year,category,authors_1y,authors_3y,window_full
ai,hk,2015,all_local,570,570,False
ai,hk,2015,company,0,0,False
ai,hk,2015,company_only,0,0,False
ai,hk,2015,type_education,568,568,False
ai,hk,2015,type_healthcare,0,0,False
ai,hk,2015,type_government,1,1,False
ai,hk,2015,type_nonprofit,3,3,False
ai,hk,2015,type_facility,1,1,False
ai,hk,2015,type_archive,0,0,False
ai,hk,2015,type_other,0,0,False
ai,hk,2015,type_unknown,0,0,False
ai,hk,2016,all_local,555,940,False
ai,hk,2016,company,0,0,False
ai,hk,2016,company_only,0,0,False
ai,hk,2016,type_education,553,936,False
ai,hk,2016,type_healthcare,2,2,False
ai,hk,2016,type_government,0,1,False
ai,hk,2016,type_nonprofit,0,3,False
ai,hk,2016,type_facility,0,1,False
ai,hk,2016,type_archive,0,0,False
ai,hk,2016,type_other,0,0,False
ai,hk,2016,type_unknown,0,0,False
ai,hk,2017,all_local,719,1383,True
ai,hk,2017,company,0,0,True
ai,hk,2017,company_only,0,0,True
ai,hk,2017,type_education,714,1374,True
ai,hk,2017,type_healthcare,0,2,True
ai,hk,2017,type_government,4,5,True
ai,hk,2017,type_nonprofit,2,5,True
ai,hk,2017,type_facility,2,3,True
ai,hk,2017,type_archive,0,0,True
ai,hk,2017,type_other,0,0,True
ai,hk,2017,type_unknown,0,0,True
ai,hk,2018,all_local,823,1554,True
ai,hk,2018,company,0,0,True
ai,hk,2018,company_only,0,0,True
ai,hk,2018,type_education,823,1547,True
ai,hk,2018,type_healthcare,3,5,True
ai,hk,2018,type_government,0,4,True
ai,hk,2018,type_nonprofit,0,2,True
ai,hk,2018,type_facility,4,4,True
ai,hk,2018,type_archive,0,0,True
ai,hk,2018,type_other,0,0,True
ai,hk,2018,type_unknown,0,0,True
ai,hk,2019,all_local,1013,1885,True
ai,hk,2019,company,0,0,True
ai,hk,2019,company_only,0,0,True
ai,hk,2019,type_education,1008,1875,True
ai,hk,2019,type_healthcare,3,6,True
ai,hk,2019,type_government,2,6,True
ai,hk,2019,type_nonprofit,3,5,True
ai,hk,2019,type_facility,0,4,True
ai,hk,2019,type_archive,0,0,True
ai,hk,2019,type_other,1,1,True
ai,hk,2019,type_unknown,0,0,True
ai,hk,2020,all_local,1213,2197,True
ai,hk,2020,company,0,0,True
ai,hk,2020,company_only,0,0,True
ai,hk,2020,type_education,1205,2185,True
ai,hk,2020,type_healthcare,1,7,True
ai,hk,2020,type_government,7,8,True
ai,hk,2020,type_nonprofit,1,4,True
ai,hk,2020,type_facility,3,6,True
ai,hk,2020,type_archive,0,0,True
ai,hk,2020,type_other,0,1,True
ai,hk,2020,type_unknown,0,0,True
ai,hk,2021,all_local,1497,2735,True
ai,hk,2021,company,0,0,True
ai,hk,2021,company_only,0,0,True
ai,hk,2021,type_education,1482,2709,True
ai,hk,2021,type_healthcare,9,13,True
ai,hk,2021,type_government,5,12,True
ai,hk,2021,type_nonprofit,2,6,True
ai,hk,2021,type_facility,0,3,True
ai,hk,2021,type_archive,0,0,True
ai,hk,2021,type_other,0,1,True
ai,hk,2021,type_unknown,0,0,True
ai,hk,2022,all_local,1796,3356,True
ai,hk,2022,company,0,0,True
ai,hk,2022,company_only,0,0,True
ai,hk,2022,type_education,1777,3316,True
ai,hk,2022,type_healthcare,18,27,True
ai,hk,2022,type_government,0,11,True
ai,hk,2022,type_nonprofit,7,10,True
ai,hk,2022,type_facility,3,6,True
ai,hk,2022,type_archive,0,0,True
ai,hk,2022,type_other,0,0,True
ai,hk,2022,type_unknown,0,0,True
ai,hk,2023,all_local,2368,4309,True
ai,hk,2023,company,0,0,True
ai,hk,2023,company_only,0,0,True
ai,hk,2023,type_education,2342,4256,True
ai,hk,2023,type_healthcare,10,32,True
ai,hk,2023,type_government,6,10,True
ai,hk,2023,type_nonprofit,24,33,True
ai,hk,2023,type_facility,3,6,True
ai,hk,2023,type_archive,0,0,True
ai,hk,2023,type_other,0,0,True
ai,hk,2023,type_unknown,0,0,True
ai,hk,2024,all_local,3152,5633,True
ai,hk,2024,company,4,4,True
ai,hk,2024,company_only,0,0,True
ai,hk,2024,type_education,3131,5573,True
ai,hk,2024,type_healthcare,13,36,True
ai,hk,2024,type_government,4,10,True
ai,hk,2024,type_nonprofit,22,51,True
ai,hk,2024,type_facility,7,12,True
ai,hk,2024,type_archive,0,0,True
ai,hk,2024,type_other,0,0,True
ai,hk,2024,type_unknown,0,0,True
ai,sg,2015,all_local,887,887,False
ai,sg,2015,company,9,9,False
ai,sg,2015,company_only,9,9,False
ai,sg,2015,type_education,695,695,False
ai,sg,2015,type_healthcare,13,13,False
ai,sg,2015,type_government,86,86,False
ai,sg,2015,type_nonprofit,14,14,False
ai,sg,2015,type_facility,232,232,False
ai,sg,2015,type_archive,1,1,False
ai,sg,2015,type_other,2,2,False
ai,sg,2015,type_unknown,0,0,False
ai,sg,2016,all_local,1000,1504,False
ai,sg,2016,company,7,16,False
ai,sg,2016,company_only,7,16,False
ai,sg,2016,type_education,808,1191,False
ai,sg,2016,type_healthcare,14,27,False
ai,sg,2016,type_government,96,149,False
ai,sg,2016,type_nonprofit,11,21,False
ai,sg,2016,type_facility,255,396,False
ai,sg,2016,type_archive,2,2,False
ai,sg,2016,type_other,3,5,False
ai,sg,2016,type_unknown,0,0,False
ai,sg,2017,all_local,977,2031,True
ai,sg,2017,company,5,21,True
ai,sg,2017,company_only,5,21,True
ai,sg,2017,type_education,803,1624,True
ai,sg,2017,type_healthcare,17,38,True
ai,sg,2017,type_government,69,190,True
ai,sg,2017,type_nonprofit,9,26,True
ai,sg,2017,type_facility,224,518,True
ai,sg,2017,type_archive,4,6,True
ai,sg,2017,type_other,0,5,True
ai,sg,2017,type_unknown,0,0,True
ai,sg,2018,all_local,1035,2174,True
ai,sg,2018,company,7,19,True
ai,sg,2018,company_only,7,19,True
ai,sg,2018,type_education,901,1794,True
ai,sg,2018,type_healthcare,27,54,True
ai,sg,2018,type_government,47,170,True
ai,sg,2018,type_nonprofit,7,21,True
ai,sg,2018,type_facility,196,493,True
ai,sg,2018,type_archive,0,6,True
ai,sg,2018,type_other,1,4,True
ai,sg,2018,type_unknown,1,1,True
ai,sg,2019,all_local,1299,2418,True
ai,sg,2019,company,14,26,True
ai,sg,2019,company_only,12,24,True
ai,sg,2019,type_education,1101,2032,True
ai,sg,2019,type_healthcare,51,85,True
ai,sg,2019,type_government,105,191,True
ai,sg,2019,type_nonprofit,7,16,True
ai,sg,2019,type_facility,214,457,True
ai,sg,2019,type_archive,0,4,True
ai,sg,2019,type_other,4,4,True
ai,sg,2019,type_unknown,0,1,True
ai,sg,2020,all_local,1522,2805,True
ai,sg,2020,company,16,37,True
ai,sg,2020,company_only,16,35,True
ai,sg,2020,type_education,1270,2349,True
ai,sg,2020,type_healthcare,52,121,True
ai,sg,2020,type_government,158,260,True
ai,sg,2020,type_nonprofit,5,12,True
ai,sg,2020,type_facility,259,494,True
ai,sg,2020,type_archive,5,5,True
ai,sg,2020,type_other,5,7,True
ai,sg,2020,type_unknown,1,2,True
ai,sg,2021,all_local,1853,3383,True
ai,sg,2021,company,12,41,True
ai,sg,2021,company_only,11,39,True
ai,sg,2021,type_education,1552,2821,True
ai,sg,2021,type_healthcare,66,155,True
ai,sg,2021,type_government,183,343,True
ai,sg,2021,type_nonprofit,9,17,True
ai,sg,2021,type_facility,312,568,True
ai,sg,2021,type_archive,5,7,True
ai,sg,2021,type_other,18,24,True
ai,sg,2021,type_unknown,2,3,True
ai,sg,2022,all_local,1975,3908,True
ai,sg,2022,company,21,48,True
ai,sg,2022,company_only,13,39,True
ai,sg,2022,type_education,1648,3242,True
ai,sg,2022,type_healthcare,40,138,True
ai,sg,2022,type_government,244,444,True
ai,sg,2022,type_nonprofit,5,18,True
ai,sg,2022,type_facility,402,708,True
ai,sg,2022,type_archive,6,11,True
ai,sg,2022,type_other,15,35,True
ai,sg,2022,type_unknown,1,4,True
ai,sg,2023,all_local,2488,4702,True
ai,sg,2023,company,23,52,True
ai,sg,2023,company_only,19,41,True
ai,sg,2023,type_education,2090,3896,True
ai,sg,2023,type_healthcare,86,170,True
ai,sg,2023,type_government,253,520,True
ai,sg,2023,type_nonprofit,10,23,True
ai,sg,2023,type_facility,438,871,True
ai,sg,2023,type_archive,4,11,True
ai,sg,2023,type_other,6,35,True
ai,sg,2023,type_unknown,1,4,True
ai,sg,2024,all_local,2745,5382,True
ai,sg,2024,company,56,92,True
ai,sg,2024,company_only,44,73,True
ai,sg,2024,type_education,2283,4464,True
ai,sg,2024,type_healthcare,112,206,True
ai,sg,2024,type_government,283,588,True
ai,sg,2024,type_nonprofit,11,23,True
ai,sg,2024,type_facility,427,947,True
ai,sg,2024,type_archive,5,9,True
ai,sg,2024,type_other,4,23,True
ai,sg,2024,type_unknown,1,3,True
biomed,hk,2015,all_local,9350,9350,False
biomed,hk,2015,company,0,0,False
biomed,hk,2015,company_only,0,0,False
biomed,hk,2015,type_education,7200,7200,False
biomed,hk,2015,type_healthcare,1867,1867,False
biomed,hk,2015,type_government,259,259,False
biomed,hk,2015,type_nonprofit,170,170,False
biomed,hk,2015,type_facility,164,164,False
biomed,hk,2015,type_archive,0,0,False
biomed,hk,2015,type_other,124,124,False
biomed,hk,2015,type_unknown,0,0,False
biomed,hk,2016,all_local,10086,15832,False
biomed,hk,2016,company,0,0,False
biomed,hk,2016,company_only,0,0,False
biomed,hk,2016,type_education,7716,11958,False
biomed,hk,2016,type_healthcare,2161,3453,False
biomed,hk,2016,type_government,198,439,False
biomed,hk,2016,type_nonprofit,173,285,False
biomed,hk,2016,type_facility,134,259,False
biomed,hk,2016,type_archive,0,0,False
biomed,hk,2016,type_other,95,190,False
biomed,hk,2016,type_unknown,0,0,False
biomed,hk,2017,all_local,10837,21683,True
biomed,hk,2017,company,0,0,True
biomed,hk,2017,company_only,0,0,True
biomed,hk,2017,type_education,7960,16019,True
biomed,hk,2017,type_healthcare,2647,5120,True
biomed,hk,2017,type_government,195,605,True
biomed,hk,2017,type_nonprofit,157,376,True
biomed,hk,2017,type_facility,105,310,True
biomed,hk,2017,type_archive,0,0,True
biomed,hk,2017,type_other,79,240,True
biomed,hk,2017,type_unknown,0,0,True
biomed,hk,2018,all_local,11202,22699,True
biomed,hk,2018,company,0,0,True
biomed,hk,2018,company_only,0,0,True
biomed,hk,2018,type_education,8102,16456,True
biomed,hk,2018,type_healthcare,2892,5778,True
biomed,hk,2018,type_government,224,568,True
biomed,hk,2018,type_nonprofit,164,376,True
biomed,hk,2018,type_facility,137,297,True
biomed,hk,2018,type_archive,0,0,True
biomed,hk,2018,type_other,63,184,True
biomed,hk,2018,type_unknown,0,0,True
biomed,hk,2019,all_local,12022,23898,True
biomed,hk,2019,company,0,0,True
biomed,hk,2019,company_only,0,0,True
biomed,hk,2019,type_education,8472,16950,True
biomed,hk,2019,type_healthcare,3270,6441,True
biomed,hk,2019,type_government,263,611,True
biomed,hk,2019,type_nonprofit,227,430,True
biomed,hk,2019,type_facility,117,275,True
biomed,hk,2019,type_archive,0,0,True
biomed,hk,2019,type_other,124,215,True
biomed,hk,2019,type_unknown,0,0,True
biomed,hk,2020,all_local,15284,27060,True
biomed,hk,2020,company,4,4,True
biomed,hk,2020,company_only,0,0,True
biomed,hk,2020,type_education,10438,18688,True
biomed,hk,2020,type_healthcare,4477,7773,True
biomed,hk,2020,type_government,405,791,True
biomed,hk,2020,type_nonprofit,285,526,True
biomed,hk,2020,type_facility,163,318,True
biomed,hk,2020,type_archive,0,0,True
biomed,hk,2020,type_other,94,222,True
biomed,hk,2020,type_unknown,0,0,True
biomed,hk,2021,all_local,15757,29828,True
biomed,hk,2021,company,32,32,True
biomed,hk,2021,company_only,3,3,True
biomed,hk,2021,type_education,11034,20552,True
biomed,hk,2021,type_healthcare,4351,8578,True
biomed,hk,2021,type_government,347,873,True
biomed,hk,2021,type_nonprofit,332,656,True
biomed,hk,2021,type_facility,223,378,True
biomed,hk,2021,type_archive,0,0,True
biomed,hk,2021,type_other,125,268,True
biomed,hk,2021,type_unknown,0,0,True
biomed,hk,2022,all_local,18220,34252,True
biomed,hk,2022,company,57,65,True
biomed,hk,2022,company_only,7,9,True
biomed,hk,2022,type_education,12585,23473,True
biomed,hk,2022,type_healthcare,5293,10085,True
biomed,hk,2022,type_government,325,927,True
biomed,hk,2022,type_nonprofit,544,864,True
biomed,hk,2022,type_facility,231,443,True
biomed,hk,2022,type_archive,0,0,True
biomed,hk,2022,type_other,178,294,True
biomed,hk,2022,type_unknown,0,0,True
biomed,hk,2023,all_local,18148,36336,True
biomed,hk,2023,company,69,99,True
biomed,hk,2023,company_only,11,16,True
biomed,hk,2023,type_education,12680,25120,True
biomed,hk,2023,type_healthcare,5133,10531,True
biomed,hk,2023,type_government,310,878,True
biomed,hk,2023,type_nonprofit,610,1033,True
biomed,hk,2023,type_facility,178,452,True
biomed,hk,2023,type_archive,0,0,True
biomed,hk,2023,type_other,70,280,True
biomed,hk,2023,type_unknown,0,0,True
biomed,hk,2024,all_local,19554,39612,True
biomed,hk,2024,company,75,128,True
biomed,hk,2024,company_only,19,29,True
biomed,hk,2024,type_education,13659,27370,True
biomed,hk,2024,type_healthcare,5537,11557,True
biomed,hk,2024,type_government,332,878,True
biomed,hk,2024,type_nonprofit,662,1258,True
biomed,hk,2024,type_facility,180,425,True
biomed,hk,2024,type_archive,0,0,True
biomed,hk,2024,type_other,102,276,True
biomed,hk,2024,type_unknown,0,0,True
biomed,sg,2015,all_local,11464,11464,False
biomed,sg,2015,company,361,361,False
biomed,sg,2015,company_only,349,349,False
biomed,sg,2015,type_education,5614,5614,False
biomed,sg,2015,type_healthcare,4694,4694,False
biomed,sg,2015,type_government,1320,1320,False
biomed,sg,2015,type_nonprofit,81,81,False
biomed,sg,2015,type_facility,2337,2337,False
biomed,sg,2015,type_archive,36,36,False
biomed,sg,2015,type_other,91,91,False
biomed,sg,2015,type_unknown,6,6,False
biomed,sg,2016,all_local,12555,19317,False
biomed,sg,2016,company,427,737,False
biomed,sg,2016,company_only,414,719,False
biomed,sg,2016,type_education,6222,9429,False
biomed,sg,2016,type_healthcare,5260,8077,False
biomed,sg,2016,type_government,1417,2214,False
biomed,sg,2016,type_nonprofit,107,168,False
biomed,sg,2016,type_facility,2389,3769,False
biomed,sg,2016,type_archive,38,64,False
biomed,sg,2016,type_other,88,161,False
biomed,sg,2016,type_unknown,34,37,False
biomed,sg,2017,all_local,12413,25599,True
biomed,sg,2017,company,345,1014,True
biomed,sg,2017,company_only,339,993,True
biomed,sg,2017,type_education,6219,12606,True
biomed,sg,2017,type_healthcare,5279,10859,True
biomed,sg,2017,type_government,1401,2905,True
biomed,sg,2017,type_nonprofit,81,222,True
biomed,sg,2017,type_facility,2277,4860,True
biomed,sg,2017,type_archive,20,80,True
biomed,sg,2017,type_other,93,222,True
biomed,sg,2017,type_unknown,36,68,True
biomed,sg,2018,all_local,13193,26674,True
biomed,sg,2018,company,347,1013,True
biomed,sg,2018,company_only,338,991,True
biomed,sg,2018,type_education,6530,13184,True
biomed,sg,2018,type_healthcare,6000,11676,True
biomed,sg,2018,type_government,1423,2947,True
biomed,sg,2018,type_nonprofit,58,197,True
biomed,sg,2018,type_facility,2243,4780,True
biomed,sg,2018,type_archive,26,78,True
biomed,sg,2018,type_other,88,205,True
biomed,sg,2018,type_unknown,19,80,True
biomed,sg,2019,all_local,13625,27156,True
biomed,sg,2019,company,380,951,True
biomed,sg,2019,company_only,366,927,True
biomed,sg,2019,type_education,6778,13420,True
biomed,sg,2019,type_healthcare,6188,12280,True
biomed,sg,2019,type_government,1600,3000,True
biomed,sg,2019,type_nonprofit,47,155,True
biomed,sg,2019,type_facility,2309,4626,True
biomed,sg,2019,type_archive,13,53,True
biomed,sg,2019,type_other,97,211,True
biomed,sg,2019,type_unknown,14,63,True
biomed,sg,2020,all_local,16297,29738,True
biomed,sg,2020,company,481,1050,True
biomed,sg,2020,company_only,459,1011,True
biomed,sg,2020,type_education,8175,14766,True
biomed,sg,2020,type_healthcare,7668,13822,True
biomed,sg,2020,type_government,1791,3285,True
biomed,sg,2020,type_nonprofit,95,173,True
biomed,sg,2020,type_facility,2768,4968,True
biomed,sg,2020,type_archive,37,70,True
biomed,sg,2020,type_other,95,220,True
biomed,sg,2020,type_unknown,21,44,True
biomed,sg,2021,all_local,16684,31725,True
biomed,sg,2021,company,469,1149,True
biomed,sg,2021,company_only,446,1095,True
biomed,sg,2021,type_education,8511,15886,True
biomed,sg,2021,type_healthcare,7616,14646,True
biomed,sg,2021,type_government,1981,3649,True
biomed,sg,2021,type_nonprofit,144,239,True
biomed,sg,2021,type_facility,2581,5172,True
biomed,sg,2021,type_archive,27,67,True
biomed,sg,2021,type_other,205,339,True
biomed,sg,2021,type_unknown,16,44,True
biomed,sg,2022,all_local,15852,33313,True
biomed,sg,2022,company,465,1211,True
biomed,sg,2022,company_only,455,1167,True
biomed,sg,2022,type_education,8352,16962,True
biomed,sg,2022,type_healthcare,7203,15265,True
biomed,sg,2022,type_government,1898,3873,True
biomed,sg,2022,type_nonprofit,80,236,True
biomed,sg,2022,type_facility,2292,5251,True
biomed,sg,2022,type_archive,36,89,True
biomed,sg,2022,type_other,151,377,True
biomed,sg,2022,type_unknown,16,44,True
biomed,sg,2023,all_local,17096,34350,True
biomed,sg,2023,company,701,1429,True
biomed,sg,2023,company_only,677,1383,True
biomed,sg,2023,type_education,8419,17256,True
biomed,sg,2023,type_healthcare,7725,15510,True
biomed,sg,2023,type_government,2238,4261,True
biomed,sg,2023,type_nonprofit,106,246,True
biomed,sg,2023,type_facility,2467,5088,True
biomed,sg,2023,type_archive,23,81,True
biomed,sg,2023,type_other,146,417,True
biomed,sg,2023,type_unknown,18,46,True
biomed,sg,2024,all_local,17288,34972,True
biomed,sg,2024,company,697,1634,True
biomed,sg,2024,company_only,671,1589,True
biomed,sg,2024,type_education,8744,17629,True
biomed,sg,2024,type_healthcare,7863,15702,True
biomed,sg,2024,type_government,2021,4288,True
biomed,sg,2024,type_nonprofit,72,216,True
biomed,sg,2024,type_facility,2354,4910,True
biomed,sg,2024,type_archive,16,67,True
biomed,sg,2024,type_other,108,326,True
biomed,sg,2024,type_unknown,26,56,True
fintech,hk,2015,all_local,22,22,False
fintech,hk,2015,company,0,0,False
fintech,hk,2015,company_only,0,0,False
fintech,hk,2015,type_education,21,21,False
fintech,hk,2015,type_healthcare,0,0,False
fintech,hk,2015,type_government,1,1,False
fintech,hk,2015,type_nonprofit,0,0,False
fintech,hk,2015,type_facility,0,0,False
fintech,hk,2015,type_archive,0,0,False
fintech,hk,2015,type_other,0,0,False
fintech,hk,2015,type_unknown,0,0,False
fintech,hk,2016,all_local,34,54,False
fintech,hk,2016,company,0,0,False
fintech,hk,2016,company_only,0,0,False
fintech,hk,2016,type_education,34,53,False
fintech,hk,2016,type_healthcare,0,0,False
fintech,hk,2016,type_government,0,1,False
fintech,hk,2016,type_nonprofit,0,0,False
fintech,hk,2016,type_facility,0,0,False
fintech,hk,2016,type_archive,0,0,False
fintech,hk,2016,type_other,0,0,False
fintech,hk,2016,type_unknown,0,0,False
fintech,hk,2017,all_local,50,98,True
fintech,hk,2017,company,0,0,True
fintech,hk,2017,company_only,0,0,True
fintech,hk,2017,type_education,49,96,True
fintech,hk,2017,type_healthcare,0,0,True
fintech,hk,2017,type_government,1,2,True
fintech,hk,2017,type_nonprofit,0,0,True
fintech,hk,2017,type_facility,0,0,True
fintech,hk,2017,type_archive,0,0,True
fintech,hk,2017,type_other,0,0,True
fintech,hk,2017,type_unknown,0,0,True
fintech,hk,2018,all_local,101,166,True
fintech,hk,2018,company,0,0,True
fintech,hk,2018,company_only,0,0,True
fintech,hk,2018,type_education,101,165,True
fintech,hk,2018,type_healthcare,0,0,True
fintech,hk,2018,type_government,0,1,True
fintech,hk,2018,type_nonprofit,0,0,True
fintech,hk,2018,type_facility,0,0,True
fintech,hk,2018,type_archive,0,0,True
fintech,hk,2018,type_other,0,0,True
fintech,hk,2018,type_unknown,0,0,True
fintech,hk,2019,all_local,117,236,True
fintech,hk,2019,company,0,0,True
fintech,hk,2019,company_only,0,0,True
fintech,hk,2019,type_education,117,235,True
fintech,hk,2019,type_healthcare,0,0,True
fintech,hk,2019,type_government,0,1,True
fintech,hk,2019,type_nonprofit,1,1,True
fintech,hk,2019,type_facility,0,0,True
fintech,hk,2019,type_archive,0,0,True
fintech,hk,2019,type_other,0,0,True
fintech,hk,2019,type_unknown,0,0,True
fintech,hk,2020,all_local,177,342,True
fintech,hk,2020,company,0,0,True
fintech,hk,2020,company_only,0,0,True
fintech,hk,2020,type_education,175,340,True
fintech,hk,2020,type_healthcare,0,0,True
fintech,hk,2020,type_government,1,1,True
fintech,hk,2020,type_nonprofit,1,2,True
fintech,hk,2020,type_facility,1,1,True
fintech,hk,2020,type_archive,0,0,True
fintech,hk,2020,type_other,0,0,True
fintech,hk,2020,type_unknown,0,0,True
fintech,hk,2021,all_local,264,490,True
fintech,hk,2021,company,0,0,True
fintech,hk,2021,company_only,0,0,True
fintech,hk,2021,type_education,251,475,True
fintech,hk,2021,type_healthcare,10,10,True
fintech,hk,2021,type_government,3,4,True
fintech,hk,2021,type_nonprofit,1,3,True
fintech,hk,2021,type_facility,3,4,True
fintech,hk,2021,type_archive,0,0,True
fintech,hk,2021,type_other,2,2,True
fintech,hk,2021,type_unknown,0,0,True
fintech,hk,2022,all_local,339,695,True
fintech,hk,2022,company,11,11,True
fintech,hk,2022,company_only,0,0,True
fintech,hk,2022,type_education,329,670,True
fintech,hk,2022,type_healthcare,8,18,True
fintech,hk,2022,type_government,1,5,True
fintech,hk,2022,type_nonprofit,22,24,True
fintech,hk,2022,type_facility,2,6,True
fintech,hk,2022,type_archive,0,0,True
fintech,hk,2022,type_other,0,2,True
fintech,hk,2022,type_unknown,0,0,True
fintech,hk,2023,all_local,502,953,True
fintech,hk,2023,company,4,11,True
fintech,hk,2023,company_only,0,0,True
fintech,hk,2023,type_education,493,921,True
fintech,hk,2023,type_healthcare,1,19,True
fintech,hk,2023,type_government,8,12,True
fintech,hk,2023,type_nonprofit,6,25,True
fintech,hk,2023,type_facility,0,5,True
fintech,hk,2023,type_archive,0,0,True
fintech,hk,2023,type_other,0,2,True
fintech,hk,2023,type_unknown,0,0,True
fintech,hk,2024,all_local,511,1158,True
fintech,hk,2024,company,11,11,True
fintech,hk,2024,company_only,0,0,True
fintech,hk,2024,type_education,505,1133,True
fintech,hk,2024,type_healthcare,3,12,True
fintech,hk,2024,type_government,3,12,True
fintech,hk,2024,type_nonprofit,11,24,True
fintech,hk,2024,type_facility,6,8,True
fintech,hk,2024,type_archive,0,0,True
fintech,hk,2024,type_other,0,0,True
fintech,hk,2024,type_unknown,0,0,True
fintech,sg,2015,all_local,31,31,False
fintech,sg,2015,company,0,0,False
fintech,sg,2015,company_only,0,0,False
fintech,sg,2015,type_education,31,31,False
fintech,sg,2015,type_healthcare,0,0,False
fintech,sg,2015,type_government,1,1,False
fintech,sg,2015,type_nonprofit,0,0,False
fintech,sg,2015,type_facility,0,0,False
fintech,sg,2015,type_archive,0,0,False
fintech,sg,2015,type_other,0,0,False
fintech,sg,2015,type_unknown,0,0,False
fintech,sg,2016,all_local,37,63,False
fintech,sg,2016,company,1,1,False
fintech,sg,2016,company_only,1,1,False
fintech,sg,2016,type_education,33,59,False
fintech,sg,2016,type_healthcare,6,6,False
fintech,sg,2016,type_government,0,1,False
fintech,sg,2016,type_nonprofit,0,0,False
fintech,sg,2016,type_facility,1,1,False
fintech,sg,2016,type_archive,0,0,False
fintech,sg,2016,type_other,0,0,False
fintech,sg,2016,type_unknown,0,0,False
fintech,sg,2017,all_local,78,127,True
fintech,sg,2017,company,6,7,True
fintech,sg,2017,company_only,6,7,True
fintech,sg,2017,type_education,48,93,True
fintech,sg,2017,type_healthcare,18,24,True
fintech,sg,2017,type_government,3,4,True
fintech,sg,2017,type_nonprofit,0,0,True
fintech,sg,2017,type_facility,2,3,True
fintech,sg,2017,type_archive,0,0,True
fintech,sg,2017,type_other,1,1,True
fintech,sg,2017,type_unknown,0,0,True
fintech,sg,2018,all_local,139,236,True
fintech,sg,2018,company,11,18,True
fintech,sg,2018,company_only,11,18,True
fintech,sg,2018,type_education,99,162,True
fintech,sg,2018,type_healthcare,17,41,True
fintech,sg,2018,type_government,5,8,True
fintech,sg,2018,type_nonprofit,2,2,True
fintech,sg,2018,type_facility,9,12,True
fintech,sg,2018,type_archive,0,0,True
fintech,sg,2018,type_other,5,6,True
fintech,sg,2018,type_unknown,0,0,True
fintech,sg,2019,all_local,162,341,True
fintech,sg,2019,company,1,18,True
fintech,sg,2019,company_only,1,18,True
fintech,sg,2019,type_education,153,266,True
fintech,sg,2019,type_healthcare,0,35,True
fintech,sg,2019,type_government,4,11,True
fintech,sg,2019,type_nonprofit,1,3,True
fintech,sg,2019,type_facility,6,16,True
fintech,sg,2019,type_archive,0,0,True
fintech,sg,2019,type_other,3,6,True
fintech,sg,2019,type_unknown,1,1,True
fintech,sg,2020,all_local,239,462,True
fintech,sg,2020,company,2,14,True
fintech,sg,2020,company_only,2,14,True
fintech,sg,2020,type_education,205,387,True
fintech,sg,2020,type_healthcare,7,24,True
fintech,sg,2020,type_government,17,23,True
fintech,sg,2020,type_nonprofit,1,4,True
fintech,sg,2020,type_facility,20,30,True
fintech,sg,2020,type_archive,0,0,True
fintech,sg,2020,type_other,3,8,True
fintech,sg,2020,type_unknown,0,1,True
fintech,sg,2021,all_local,232,537,True
fintech,sg,2021,company,4,7,True
fintech,sg,2021,company_only,4,7,True
fintech,sg,2021,type_education,211,475,True
fintech,sg,2021,type_healthcare,8,15,True
fintech,sg,2021,type_government,9,26,True
fintech,sg,2021,type_nonprofit,1,3,True
fintech,sg,2021,type_facility,13,35,True
fintech,sg,2021,type_archive,0,0,True
fintech,sg,2021,type_other,2,8,True
fintech,sg,2021,type_unknown,1,2,True
fintech,sg,2022,all_local,230,603,True
fintech,sg,2022,company,4,10,True
fintech,sg,2022,company_only,2,8,True
fintech,sg,2022,type_education,212,531,True
fintech,sg,2022,type_healthcare,9,24,True
fintech,sg,2022,type_government,4,29,True
fintech,sg,2022,type_nonprofit,1,3,True
fintech,sg,2022,type_facility,6,38,True
fintech,sg,2022,type_archive,0,0,True
fintech,sg,2022,type_other,0,5,True
fintech,sg,2022,type_unknown,0,1,True
fintech,sg,2023,all_local,355,712,True
fintech,sg,2023,company,6,14,True
fintech,sg,2023,company_only,3,9,True
fintech,sg,2023,type_education,318,637,True
fintech,sg,2023,type_healthcare,21,38,True
fintech,sg,2023,type_government,18,30,True
fintech,sg,2023,type_nonprofit,0,2,True
fintech,sg,2023,type_facility,21,39,True
fintech,sg,2023,type_archive,0,0,True
fintech,sg,2023,type_other,4,6,True
fintech,sg,2023,type_unknown,0,1,True
fintech,sg,2024,all_local,320,789,True
fintech,sg,2024,company,10,18,True
fintech,sg,2024,company_only,10,13,True
fintech,sg,2024,type_education,280,702,True
fintech,sg,2024,type_healthcare,19,49,True
fintech,sg,2024,type_government,13,31,True
fintech,sg,2024,type_nonprofit,0,1,True
fintech,sg,2024,type_facility,14,35,True
fintech,sg,2024,type_archive,0,0,True
fintech,sg,2024,type_other,1,5,True
fintech,sg,2024,type_unknown,0,0,True
