tai_series,ext_series,years,tai_cagr,ext_cagr,growth_same_sign,r_level,r_growth,max_gap_year,max_gap_dlog
研究者存量·AI,研发人员·高等教育,2017-2024,0.2222,0.0768,7/7,0.997,0.879,2024,0.17
研究者存量·AI,研发人员·企业,2017-2024,0.2222,0.0193,5/7,0.828,0.303,2021,0.244
研究者存量·AI,研发人员·政府,2017-2024,0.2222,0.0495,5/7,0.937,0.157,2024,0.273
研究者存量·AI,研发人员·合计,2017-2024,0.2222,0.0555,7/7,0.996,0.805,2024,0.184
研究者存量·AI,InvestHK 初创总人数,2017-2024,0.2222,0.158,6/7,0.902,-0.256,2020,0.308
研究者存量·AI,论文·港八校合计,2017-2024,0.2222,0.1214,7/7,0.977,0.006,2024,0.163
研究者存量·生物医药,研发人员·高等教育,2017-2024,0.0899,0.0768,7/7,0.983,-0.107,2020,0.074
研究者存量·生物医药,研发人员·企业,2017-2024,0.0899,0.0193,5/7,0.738,-0.304,2020,0.155
研究者存量·生物医药,研发人员·政府,2017-2024,0.0899,0.0495,5/7,0.914,-0.435,2021,0.122
研究者存量·生物医药,研发人员·合计,2017-2024,0.0899,0.0555,7/7,0.973,-0.273,2020,0.105
研究者存量·生物医药,InvestHK 初创总人数,2017-2024,0.0899,0.158,6/7,0.925,-0.689,2018,-0.367
研究者存量·生物医药,论文·港八校合计,2017-2024,0.0899,0.1214,7/7,0.997,0.71,2020,-0.075
研究者存量·金融科技,研发人员·高等教育,2017-2024,0.423,0.0768,7/7,0.998,-0.684,2018,0.484
研究者存量·金融科技,研发人员·企业,2017-2024,0.423,0.0193,5/7,0.79,-0.316,2018,0.499
研究者存量·金融科技,研发人员·政府,2017-2024,0.423,0.0495,5/7,0.946,0.0,2018,0.495
研究者存量·金融科技,研发人员·合计,2017-2024,0.423,0.0555,7/7,0.993,-0.651,2018,0.49
研究者存量·金融科技,InvestHK 初创总人数,2017-2024,0.423,0.158,6/7,0.92,0.519,2020,0.526
研究者存量·金融科技,论文·港八校合计,2017-2024,0.423,0.1214,7/7,0.99,-0.3,2018,0.479
研究者存量·三产业合计,研发人员·高等教育,2017-2024,0.1043,0.0768,7/7,0.99,0.087,2020,0.078
研究者存量·三产业合计,研发人员·企业,2017-2024,0.1043,0.0193,5/7,0.759,-0.232,2020,0.159
研究者存量·三产业合计,研发人员·政府,2017-2024,0.1043,0.0495,5/7,0.923,-0.379,2021,0.135
研究者存量·三产业合计,研发人员·合计,2017-2024,0.1043,0.0555,7/7,0.982,-0.09,2020,0.11
研究者存量·三产业合计,InvestHK 初创总人数,2017-2024,0.1043,0.158,6/7,0.925,-0.729,2018,-0.36
研究者存量·三产业合计,论文·港八校合计,2017-2024,0.1043,0.1214,7/7,0.997,0.686,2020,-0.071
