industry,item,variant,metric,value
ai,patents,main,hk_late,50.000000
ai,patents,main,sg_late,307.000000
ai,patents,main,ratio,0.162866
ai,patents,main,ratio_change_ann,-0.067746
ai,patents,main,z_gap,-2.133515
ai,basket,main,index,0.162866
ai,basket,main,index_change_ann,-0.067746
ai,basket,main,z_gap,-2.133515
ai,basket,percap,index,0.124245
ai,basket,patents_asis,index,0.157233
ai,basket,main,verdict,稳健地低于新加坡
ai,basket,main,mismatch,错配成立
biomed,patents,main,hk_late,136.666667
biomed,patents,main,sg_late,370.666667
biomed,patents,main,ratio,0.368705
biomed,patents,main,ratio_change_ann,-0.080004
biomed,patents,main,z_gap,-2.350421
biomed,trials,main,hk_late,407.000000
biomed,trials,main,sg_late,233.333333
biomed,trials,main,ratio,1.744286
biomed,trials,main,ratio_change_ann,0.064789
biomed,trials,main,z_gap,1.828489
biomed,basket,main,index,0.801952
biomed,basket,main,index_change_ann,-0.010251
biomed,basket,main,z_gap,-0.260966
biomed,basket,percap,index,0.620638
biomed,basket,patents_asis,index,0.801592
biomed,basket,trials_phase3,index,0.659267
biomed,trials,trials_phase3,ratio,1.178808
biomed,basket,trials_industry,index,0.598215
biomed,trials,trials_industry,ratio,0.970588
biomed,basket,main,verdict,综合值低于新加坡，但分项方向相反
biomed,basket,main,mismatch,错配只对落后分项成立：企业专利族
fintech,fast_payments,main,hk_late,546202333.333333
fintech,fast_payments,main,sg_late,390729333.333333
fintech,fast_payments,main,ratio,1.397905
fintech,fast_payments,main,ratio_change_ann,0.217088
fintech,fast_payments,main,z_gap,0.425142
fintech,patents,main,hk_late,9.666667
fintech,patents,main,sg_late,44.333333
fintech,patents,main,ratio,0.218045
fintech,patents,main,ratio_change_ann,0.043777
fintech,patents,main,z_gap,-1.873425
fintech,basket,main,index,0.552093
fintech,basket,main,index_change_ann,0.127106
fintech,basket,main,z_gap,-0.724141
fintech,basket,percap,index,0.427269
fintech,basket,patents_asis,index,0.526940
fintech,basket,main,verdict,综合值低于新加坡，但分项方向相反
fintech,basket,main,mismatch,错配只对落后分项成立：企业专利族
