industry,city,quarter,works,intl_works,cn_any_works,cn_only_works,share_A,share_B,share_B_hk
ai,hk,2015Q1,230,150,94,72,0.652174,0.339130,0.339130
ai,hk,2015Q2,101,77,43,27,0.762376,0.495050,0.495050
ai,hk,2015Q3,102,73,49,32,0.715686,0.401961,0.401961
ai,hk,2015Q4,117,86,60,41,0.735043,0.384615,0.384615
ai,hk,2016Q1,179,128,78,50,0.715084,0.435754,0.435754
ai,hk,2016Q2,97,70,47,35,0.721649,0.360825,0.360825
ai,hk,2016Q3,115,79,47,32,0.686957,0.408696,0.408696
ai,hk,2016Q4,106,65,35,23,0.613208,0.396226,0.396226
ai,hk,2017Q1,265,194,119,79,0.732075,0.433962,0.433962
ai,hk,2017Q2,116,91,63,43,0.784483,0.413793,0.413793
ai,hk,2017Q3,144,106,73,51,0.736111,0.381944,0.381944
ai,hk,2017Q4,152,116,74,50,0.763158,0.434211,0.434211
ai,hk,2018Q1,291,219,146,113,0.752577,0.364261,0.364261
ai,hk,2018Q2,177,134,84,61,0.757062,0.412429,0.412429
ai,hk,2018Q3,156,120,93,72,0.769231,0.307692,0.307692
ai,hk,2018Q4,154,113,83,53,0.733766,0.389610,0.389610
ai,hk,2019Q1,322,247,160,110,0.767081,0.425466,0.425466
ai,hk,2019Q2,199,152,109,68,0.763819,0.422111,0.422111
ai,hk,2019Q3,243,178,129,81,0.732510,0.399177,0.399177
ai,hk,2019Q4,229,179,130,89,0.781659,0.393013,0.393013
ai,hk,2020Q1,478,368,226,135,0.769874,0.487448,0.487448
ai,hk,2020Q2,308,238,168,106,0.772727,0.428571,0.428571
ai,hk,2020Q3,242,187,132,90,0.772727,0.400826,0.400826
ai,hk,2020Q4,316,248,169,108,0.784810,0.443038,0.443038
ai,hk,2021Q1,507,372,274,163,0.733728,0.412229,0.412229
ai,hk,2021Q2,444,350,255,157,0.788288,0.434685,0.434685
ai,hk,2021Q3,327,268,190,114,0.819572,0.470948,0.470948
ai,hk,2021Q4,378,284,203,122,0.751323,0.428571,0.428571
ai,hk,2022Q1,668,526,385,235,0.787425,0.435629,0.435629
ai,hk,2022Q2,470,367,275,169,0.780851,0.421277,0.421277
ai,hk,2022Q3,368,293,223,148,0.796196,0.394022,0.394022
ai,hk,2022Q4,487,377,276,182,0.774127,0.400411,0.400411
ai,hk,2023Q1,847,674,485,302,0.795750,0.439197,0.439197
ai,hk,2023Q2,688,569,447,292,0.827035,0.402616,0.402616
ai,hk,2023Q3,555,453,347,220,0.816216,0.419820,0.419820
ai,hk,2023Q4,756,614,489,293,0.812169,0.424603,0.424603
ai,hk,2024Q1,1187,965,765,501,0.812974,0.390901,0.390901
ai,hk,2024Q2,849,685,529,348,0.806832,0.396938,0.396938
ai,hk,2024Q3,744,602,460,297,0.809140,0.409946,0.409946
ai,hk,2024Q4,914,734,571,386,0.803063,0.380744,0.380744
ai,sg,2015Q1,310,197,72,43,0.635484,0.496774,0.635484
ai,sg,2015Q2,157,112,48,29,0.713376,0.528662,0.713376
ai,sg,2015Q3,149,91,36,19,0.610738,0.483221,0.610738
ai,sg,2015Q4,181,110,39,26,0.607735,0.464088,0.607735
ai,sg,2016Q1,363,237,100,60,0.652893,0.487603,0.652893
ai,sg,2016Q2,176,125,48,31,0.710227,0.534091,0.710227
ai,sg,2016Q3,192,128,51,33,0.666667,0.494792,0.666667
ai,sg,2016Q4,179,115,36,27,0.642458,0.491620,0.642458
ai,sg,2017Q1,329,229,77,52,0.696049,0.537994,0.696049
ai,sg,2017Q2,150,111,40,32,0.740000,0.526667,0.740000
ai,sg,2017Q3,183,126,55,33,0.688525,0.508197,0.688525
ai,sg,2017Q4,229,140,60,38,0.611354,0.445415,0.611354
ai,sg,2018Q1,345,248,96,51,0.718841,0.571014,0.718841
ai,sg,2018Q2,231,154,65,37,0.666667,0.506494,0.666667
ai,sg,2018Q3,215,143,62,44,0.665116,0.460465,0.665116
ai,sg,2018Q4,257,163,71,42,0.634241,0.470817,0.634241
ai,sg,2019Q1,409,305,113,65,0.745721,0.586797,0.745721
ai,sg,2019Q2,242,176,75,33,0.727273,0.590909,0.727273
ai,sg,2019Q3,287,202,82,49,0.703833,0.533101,0.703833
ai,sg,2019Q4,322,202,89,42,0.627329,0.496894,0.627329
ai,sg,2020Q1,532,396,188,100,0.744361,0.556391,0.744361
ai,sg,2020Q2,363,283,142,73,0.779614,0.578512,0.779614
ai,sg,2020Q3,313,206,109,50,0.658147,0.498403,0.658147
ai,sg,2020Q4,357,249,137,77,0.697479,0.481793,0.697479
ai,sg,2021Q1,554,399,214,134,0.720217,0.478339,0.720217
ai,sg,2021Q2,481,335,189,95,0.696466,0.498960,0.696466
ai,sg,2021Q3,409,277,143,80,0.677262,0.481663,0.677262
ai,sg,2021Q4,415,300,169,101,0.722892,0.479518,0.722892
ai,sg,2022Q1,671,470,285,162,0.700447,0.459016,0.700447
ai,sg,2022Q2,437,297,161,99,0.679634,0.453089,0.679634
ai,sg,2022Q3,406,298,156,93,0.733990,0.504926,0.733990
ai,sg,2022Q4,518,367,203,129,0.708494,0.459459,0.708494
ai,sg,2023Q1,863,628,344,194,0.727694,0.502897,0.727694
ai,sg,2023Q2,686,514,315,194,0.749271,0.466472,0.749271
ai,sg,2023Q3,499,367,208,120,0.735471,0.494990,0.735471
ai,sg,2023Q4,679,496,327,185,0.730486,0.458027,0.730486
ai,sg,2024Q1,1000,751,470,272,0.751000,0.479000,0.751000
ai,sg,2024Q2,776,591,368,215,0.761598,0.484536,0.761598
ai,sg,2024Q3,616,474,283,166,0.769481,0.500000,0.769481
ai,sg,2024Q4,728,549,365,228,0.754121,0.440934,0.754121
biomed,hk,2015Q1,1439,1004,785,561,0.697707,0.307853,0.307853
biomed,hk,2015Q2,1191,858,624,418,0.720403,0.369437,0.369437
biomed,hk,2015Q3,1095,807,594,385,0.736986,0.385388,0.385388
biomed,hk,2015Q4,1165,872,649,443,0.748498,0.368240,0.368240
biomed,hk,2016Q1,1602,1201,892,621,0.749688,0.362047,0.362047
biomed,hk,2016Q2,1166,880,638,432,0.754717,0.384220,0.384220
biomed,hk,2016Q3,1148,864,603,414,0.752613,0.391986,0.391986
biomed,hk,2016Q4,1233,966,710,474,0.783455,0.399027,0.399027
biomed,hk,2017Q1,1567,1172,864,555,0.747926,0.393746,0.393746
biomed,hk,2017Q2,1259,933,679,467,0.741064,0.370135,0.370135
biomed,hk,2017Q3,1208,902,641,428,0.746689,0.392384,0.392384
biomed,hk,2017Q4,1197,930,684,438,0.776942,0.411028,0.411028
biomed,hk,2018Q1,1568,1207,946,616,0.769770,0.376913,0.376913
biomed,hk,2018Q2,1288,996,711,447,0.773292,0.426242,0.426242
biomed,hk,2018Q3,1296,1018,730,445,0.785494,0.442130,0.442130
biomed,hk,2018Q4,1268,1027,733,455,0.809937,0.451104,0.451104
biomed,hk,2019Q1,1728,1392,1018,661,0.805556,0.423032,0.423032
biomed,hk,2019Q2,1372,1077,792,482,0.784985,0.433673,0.433673
biomed,hk,2019Q3,1560,1198,827,484,0.767949,0.457692,0.457692
biomed,hk,2019Q4,1421,1092,796,484,0.768473,0.427868,0.427868
biomed,hk,2020Q1,2172,1753,1301,785,0.807090,0.445672,0.445672
biomed,hk,2020Q2,1949,1557,1101,700,0.798871,0.439713,0.439713
biomed,hk,2020Q3,1887,1509,1080,649,0.799682,0.455750,0.455750
biomed,hk,2020Q4,1841,1478,1066,641,0.802825,0.454644,0.454644
biomed,hk,2021Q1,2629,2160,1621,959,0.821605,0.456828,0.456828
biomed,hk,2021Q2,1862,1483,1066,652,0.796455,0.446294,0.446294
biomed,hk,2021Q3,1812,1457,1043,641,0.804084,0.450331,0.450331
biomed,hk,2021Q4,1941,1581,1165,704,0.814529,0.451829,0.451829
biomed,hk,2022Q1,3145,2661,2031,1015,0.846105,0.523370,0.523370
biomed,hk,2022Q2,1997,1634,1219,779,0.818227,0.428142,0.428142
biomed,hk,2022Q3,2077,1702,1281,782,0.819451,0.442947,0.442947
biomed,hk,2022Q4,2058,1662,1241,752,0.807580,0.442177,0.442177
biomed,hk,2023Q1,3162,2593,2043,1065,0.820051,0.483238,0.483238
biomed,hk,2023Q2,2057,1602,1193,741,0.778804,0.418571,0.418571
biomed,hk,2023Q3,1927,1585,1154,686,0.822522,0.466528,0.466528
biomed,hk,2023Q4,2097,1691,1230,729,0.806390,0.458751,0.458751
biomed,hk,2024Q1,2763,2247,1711,1092,0.813246,0.418024,0.418024
biomed,hk,2024Q2,2127,1775,1340,816,0.834509,0.450870,0.450870
biomed,hk,2024Q3,2076,1721,1282,810,0.828998,0.438825,0.438825
biomed,hk,2024Q4,2298,1911,1422,896,0.831593,0.441688,0.441688
biomed,sg,2015Q1,1741,950,176,68,0.545663,0.506605,0.545663
biomed,sg,2015Q2,1515,863,155,62,0.569637,0.528713,0.569637
biomed,sg,2015Q3,1399,739,130,47,0.528234,0.494639,0.528234
biomed,sg,2015Q4,1487,846,147,67,0.568931,0.523874,0.568931
biomed,sg,2016Q1,1839,1030,189,76,0.560087,0.518760,0.560087
biomed,sg,2016Q2,1563,866,152,61,0.554063,0.515035,0.554063
biomed,sg,2016Q3,1599,887,151,74,0.554722,0.508443,0.554722
biomed,sg,2016Q4,1572,879,171,66,0.559160,0.517176,0.559160
biomed,sg,2017Q1,1931,1113,199,78,0.576385,0.535992,0.576385
biomed,sg,2017Q2,1678,974,170,73,0.580453,0.536949,0.580453
biomed,sg,2017Q3,1730,971,181,71,0.561272,0.520231,0.561272
biomed,sg,2017Q4,1585,976,173,57,0.615773,0.579811,0.615773
biomed,sg,2018Q1,2147,1220,241,108,0.568235,0.517932,0.568235
biomed,sg,2018Q2,1759,1034,195,82,0.587834,0.541217,0.587834
biomed,sg,2018Q3,1695,1014,175,70,0.598230,0.556932,0.598230
biomed,sg,2018Q4,1614,942,197,69,0.583643,0.540892,0.583643
biomed,sg,2019Q1,2495,1577,274,103,0.632064,0.590782,0.632064
biomed,sg,2019Q2,1717,1020,212,72,0.594059,0.552126,0.594059
biomed,sg,2019Q3,1852,1117,243,76,0.603132,0.562095,0.603132
biomed,sg,2019Q4,2031,1244,263,94,0.612506,0.566224,0.612506
biomed,sg,2020Q1,2511,1559,365,144,0.620868,0.563521,0.620868
biomed,sg,2020Q2,2506,1415,329,93,0.564645,0.527534,0.564645
biomed,sg,2020Q3,2370,1363,336,117,0.575105,0.525738,0.575105
biomed,sg,2020Q4,2360,1416,326,111,0.600000,0.552966,0.600000
biomed,sg,2021Q1,2934,1801,463,148,0.613838,0.563395,0.613838
biomed,sg,2021Q2,2273,1389,289,105,0.611087,0.564892,0.611087
biomed,sg,2021Q3,2159,1319,306,106,0.610931,0.561834,0.610931
biomed,sg,2021Q4,2269,1332,337,145,0.587043,0.523138,0.587043
biomed,sg,2022Q1,2946,1949,682,197,0.661575,0.594705,0.661575
biomed,sg,2022Q2,2118,1283,311,108,0.605760,0.554769,0.605760
biomed,sg,2022Q3,2101,1327,338,118,0.631604,0.575440,0.631604
biomed,sg,2022Q4,2177,1400,341,136,0.643087,0.580616,0.643087
biomed,sg,2023Q1,2978,1965,576,183,0.659839,0.598388,0.659839
biomed,sg,2023Q2,2121,1411,375,134,0.665252,0.602074,0.665252
biomed,sg,2023Q3,2065,1346,348,144,0.651816,0.582082,0.651816
biomed,sg,2023Q4,2333,1538,415,136,0.659237,0.600943,0.659237
biomed,sg,2024Q1,2787,1826,518,222,0.655185,0.575529,0.655185
biomed,sg,2024Q2,2270,1464,413,156,0.644934,0.576211,0.644934
biomed,sg,2024Q3,2132,1412,433,168,0.662289,0.583490,0.662289
biomed,sg,2024Q4,2472,1650,476,202,0.667476,0.585761,0.667476
fintech_kw,hk,2015Q1,6,4,0,0,0.666667,0.666667,0.666667
fintech_kw,hk,2015Q2,1,0,0,0,0.000000,0.000000,0.000000
fintech_kw,hk,2015Q3,1,1,1,0,1.000000,1.000000,1.000000
fintech_kw,hk,2015Q4,3,3,2,1,1.000000,0.666667,0.666667
fintech_kw,hk,2016Q1,6,5,1,1,0.833333,0.666667,0.666667
fintech_kw,hk,2016Q2,1,0,0,0,0.000000,0.000000,0.000000
fintech_kw,hk,2016Q3,8,7,2,0,0.875000,0.875000,0.875000
fintech_kw,hk,2016Q4,6,5,3,0,0.833333,0.833333,0.833333
fintech_kw,hk,2017Q1,19,12,3,2,0.631579,0.526316,0.526316
fintech_kw,hk,2017Q2,3,2,1,1,0.666667,0.333333,0.333333
fintech_kw,hk,2017Q3,8,6,3,3,0.750000,0.375000,0.375000
fintech_kw,hk,2017Q4,6,5,3,2,0.833333,0.500000,0.500000
fintech_kw,hk,2018Q1,21,18,7,3,0.857143,0.714286,0.714286
fintech_kw,hk,2018Q2,13,10,4,1,0.769231,0.692308,0.692308
fintech_kw,hk,2018Q3,19,13,3,2,0.684211,0.578947,0.578947
fintech_kw,hk,2018Q4,11,7,4,1,0.636364,0.545455,0.545455
fintech_kw,hk,2019Q1,52,34,12,4,0.653846,0.576923,0.576923
fintech_kw,hk,2019Q2,19,16,10,5,0.842105,0.578947,0.578947
fintech_kw,hk,2019Q3,13,10,2,1,0.769231,0.692308,0.692308
fintech_kw,hk,2019Q4,23,17,13,6,0.739130,0.478261,0.478261
fintech_kw,hk,2020Q1,65,48,24,10,0.738462,0.584615,0.584615
fintech_kw,hk,2020Q2,23,18,11,3,0.782609,0.652174,0.652174
fintech_kw,hk,2020Q3,31,25,16,8,0.806452,0.548387,0.548387
fintech_kw,hk,2020Q4,29,26,13,6,0.896552,0.689655,0.689655
fintech_kw,hk,2021Q1,78,58,21,11,0.743590,0.602564,0.602564
fintech_kw,hk,2021Q2,44,36,17,7,0.818182,0.659091,0.659091
fintech_kw,hk,2021Q3,33,22,14,5,0.666667,0.515152,0.515152
fintech_kw,hk,2021Q4,55,37,25,15,0.672727,0.400000,0.400000
fintech_kw,hk,2022Q1,79,50,26,10,0.632911,0.506329,0.506329
fintech_kw,hk,2022Q2,33,29,18,12,0.878788,0.515152,0.515152
fintech_kw,hk,2022Q3,56,42,24,13,0.750000,0.517857,0.517857
fintech_kw,hk,2022Q4,56,42,28,15,0.750000,0.482143,0.482143
fintech_kw,hk,2023Q1,122,87,48,21,0.713115,0.540984,0.540984
fintech_kw,hk,2023Q2,66,51,31,17,0.772727,0.515152,0.515152
fintech_kw,hk,2023Q3,70,43,31,20,0.614286,0.328571,0.328571
fintech_kw,hk,2023Q4,101,66,37,16,0.653465,0.495050,0.495050
fintech_kw,hk,2024Q1,131,90,57,31,0.687023,0.450382,0.450382
fintech_kw,hk,2024Q2,83,64,35,19,0.771084,0.542169,0.542169
fintech_kw,hk,2024Q3,77,58,39,22,0.753247,0.467532,0.467532
fintech_kw,hk,2024Q4,100,64,35,21,0.640000,0.430000,0.430000
fintech_kw,sg,2015Q1,12,4,1,1,0.333333,0.250000,0.333333
fintech_kw,sg,2015Q2,1,1,0,0,1.000000,1.000000,1.000000
fintech_kw,sg,2015Q3,2,0,0,0,0.000000,0.000000,0.000000
fintech_kw,sg,2015Q4,3,2,0,0,0.666667,0.666667,0.666667
fintech_kw,sg,2016Q1,10,6,1,1,0.600000,0.500000,0.600000
fintech_kw,sg,2016Q2,2,0,0,0,0.000000,0.000000,0.000000
fintech_kw,sg,2016Q3,2,2,0,0,1.000000,1.000000,1.000000
fintech_kw,sg,2016Q4,3,0,0,0,0.000000,0.000000,0.000000
fintech_kw,sg,2017Q1,16,13,4,4,0.812500,0.562500,0.812500
fintech_kw,sg,2017Q2,4,2,0,0,0.500000,0.500000,0.500000
fintech_kw,sg,2017Q3,8,4,1,0,0.500000,0.500000,0.500000
fintech_kw,sg,2017Q4,15,11,1,0,0.733333,0.733333,0.733333
fintech_kw,sg,2018Q1,27,18,7,3,0.666667,0.555556,0.666667
fintech_kw,sg,2018Q2,12,7,2,0,0.583333,0.583333,0.583333
fintech_kw,sg,2018Q3,15,13,4,1,0.866667,0.800000,0.866667
fintech_kw,sg,2018Q4,23,16,5,2,0.695652,0.608696,0.695652
fintech_kw,sg,2019Q1,47,30,10,3,0.638298,0.574468,0.638298
fintech_kw,sg,2019Q2,14,12,6,3,0.857143,0.642857,0.857143
fintech_kw,sg,2019Q3,22,14,2,1,0.636364,0.590909,0.636364
fintech_kw,sg,2019Q4,21,17,8,5,0.809524,0.571429,0.809524
fintech_kw,sg,2020Q1,73,47,26,14,0.643836,0.452055,0.643836
fintech_kw,sg,2020Q2,30,20,9,4,0.666667,0.533333,0.666667
fintech_kw,sg,2020Q3,29,19,7,3,0.655172,0.551724,0.655172
fintech_kw,sg,2020Q4,29,24,5,1,0.827586,0.793103,0.827586
fintech_kw,sg,2021Q1,70,44,13,6,0.628571,0.542857,0.628571
fintech_kw,sg,2021Q2,31,22,8,4,0.709677,0.580645,0.709677
fintech_kw,sg,2021Q3,39,27,8,4,0.692308,0.589744,0.692308
fintech_kw,sg,2021Q4,32,25,7,0,0.781250,0.781250,0.781250
fintech_kw,sg,2022Q1,78,54,18,10,0.692308,0.564103,0.692308
fintech_kw,sg,2022Q2,35,29,11,5,0.828571,0.685714,0.828571
fintech_kw,sg,2022Q3,35,25,6,3,0.714286,0.628571,0.714286
fintech_kw,sg,2022Q4,56,43,25,12,0.767857,0.553571,0.767857
fintech_kw,sg,2023Q1,92,72,25,8,0.782609,0.695652,0.782609
fintech_kw,sg,2023Q2,64,45,20,10,0.703125,0.546875,0.703125
fintech_kw,sg,2023Q3,62,39,13,10,0.629032,0.467742,0.629032
fintech_kw,sg,2023Q4,63,45,21,10,0.714286,0.555556,0.714286
fintech_kw,sg,2024Q1,114,80,28,14,0.701754,0.578947,0.701754
fintech_kw,sg,2024Q2,58,40,11,3,0.689655,0.637931,0.689655
fintech_kw,sg,2024Q3,47,32,18,10,0.680851,0.468085,0.680851
fintech_kw,sg,2024Q4,67,49,23,14,0.731343,0.522388,0.731343
