series,industry,period,unit,sg,hk,hk_over_sg
conc_all,全部会员,2016,%,0.73,0.33,0.4521
conc_all,全部会员,2017,%,0.82,0.38,0.4634
conc_all,全部会员,2018,%,0.95,0.44,0.4632
conc_all,全部会员,2019,%,1.09,0.51,0.4679
conc_all,全部会员,2020,%,1.22,0.56,0.459
conc_all,全部会员,2021,%,1.37,0.63,0.4599
conc_all,全部会员,2022,%,1.48,0.68,0.4595
conc_all,全部会员,2023,%,1.61,0.74,0.4596
conc_all,全部会员,2024,%,1.78,0.81,0.4551
conc_all,全部会员,2025,%,1.95,0.9,0.4615
conc_edu,教育业,2016,%,2.95,,
conc_edu,教育业,2017,%,3.2,,
conc_edu,教育业,2018,%,3.41,,
conc_edu,教育业,2019,%,3.69,1.78,0.4824
conc_edu,教育业,2020,%,4.09,2.0,0.489
conc_edu,教育业,2021,%,4.44,2.31,0.5203
conc_edu,教育业,2022,%,4.52,2.48,0.5487
conc_edu,教育业,2023,%,5.12,2.93,0.5723
conc_edu,教育业,2024,%,5.96,3.56,0.5973
conc_edu,教育业,2025,%,6.74,4.24,0.6291
conc_fin,金融服务业,2016,%,2.33,1.9,0.8155
conc_fin,金融服务业,2017,%,2.63,2.07,0.7871
conc_fin,金融服务业,2018,%,2.93,2.3,0.785
conc_fin,金融服务业,2019,%,3.28,2.54,0.7744
conc_fin,金融服务业,2020,%,3.68,2.73,0.7418
conc_fin,金融服务业,2021,%,4.14,3.05,0.7367
conc_fin,金融服务业,2022,%,4.64,3.36,0.7241
conc_fin,金融服务业,2023,%,5.22,3.73,0.7146
conc_fin,金融服务业,2024,%,5.85,4.23,0.7231
conc_fin,金融服务业,2025,%,6.56,4.84,0.7378
conc_tech,科技、信息与媒体业,2016,%,2.61,1.47,0.5632
conc_tech,科技、信息与媒体业,2017,%,3.25,1.72,0.5292
conc_tech,科技、信息与媒体业,2018,%,3.97,2.06,0.5189
conc_tech,科技、信息与媒体业,2019,%,4.63,2.37,0.5119
conc_tech,科技、信息与媒体业,2020,%,5.33,2.73,0.5122
conc_tech,科技、信息与媒体业,2021,%,6.07,3.08,0.5074
conc_tech,科技、信息与媒体业,2022,%,6.56,3.39,0.5168
conc_tech,科技、信息与媒体业,2023,%,7.23,3.92,0.5422
conc_tech,科技、信息与媒体业,2024,%,8.43,4.71,0.5587
conc_tech,科技、信息与媒体业,2025,%,9.83,5.51,0.5605
net_migration,全部会员,2021,每万名会员,-0.16,0.03,
net_migration,全部会员,2022,每万名会员,2.2,-0.66,
net_migration,全部会员,2023,每万名会员,1.42,0.61,
net_migration,全部会员,2024,每万名会员,1.36,1.14,
net_migration,全部会员,2025,每万名会员,0.9,1.76,
hiring_index,全部会员,2018-01,%（同比，3 个月移动平均）,4.81,23.2,
hiring_index,全部会员,2018-02,%（同比，3 个月移动平均）,9.88,19.68,
hiring_index,全部会员,2018-03,%（同比，3 个月移动平均）,-3.69,17.95,
hiring_index,全部会员,2018-04,%（同比，3 个月移动平均）,-4.54,8.37,
hiring_index,全部会员,2018-05,%（同比，3 个月移动平均）,-2.52,10.52,
hiring_index,全部会员,2018-06,%（同比，3 个月移动平均）,2.27,11.74,
hiring_index,全部会员,2018-07,%（同比，3 个月移动平均）,-1.28,9.59,
hiring_index,全部会员,2018-08,%（同比，3 个月移动平均）,-5.5,11.26,
hiring_index,全部会员,2018-09,%（同比，3 个月移动平均）,-5.19,7.77,
hiring_index,全部会员,2018-10,%（同比，3 个月移动平均）,1.23,-3.1,
hiring_index,全部会员,2018-11,%（同比，3 个月移动平均）,7.53,-4.92,
hiring_index,全部会员,2018-12,%（同比，3 个月移动平均）,7.56,-17.82,
hiring_index,全部会员,2019-01,%（同比，3 个月移动平均）,6.23,-15.04,
hiring_index,全部会员,2019-02,%（同比，3 个月移动平均）,1.62,-11.36,
hiring_index,全部会员,2019-03,%（同比，3 个月移动平均）,4.9,-6.23,
hiring_index,全部会员,2019-04,%（同比，3 个月移动平均）,5.52,-2.9,
hiring_index,全部会员,2019-05,%（同比，3 个月移动平均）,3.87,-4.03,
hiring_index,全部会员,2019-06,%（同比，3 个月移动平均）,1.81,-3.55,
hiring_index,全部会员,2019-07,%（同比，3 个月移动平均）,1.49,-0.44,
hiring_index,全部会员,2019-08,%（同比，3 个月移动平均）,2.84,-9.25,
hiring_index,全部会员,2019-09,%（同比，3 个月移动平均）,3.82,-5.29,
hiring_index,全部会员,2019-10,%（同比，3 个月移动平均）,3.06,-6.02,
hiring_index,全部会员,2019-11,%（同比，3 个月移动平均）,-1.1,1.05,
hiring_index,全部会员,2019-12,%（同比，3 个月移动平均）,-4.98,6.52,
hiring_index,全部会员,2020-01,%（同比，3 个月移动平均）,-6.23,7.63,
hiring_index,全部会员,2020-02,%（同比，3 个月移动平均）,0.39,5.53,
hiring_index,全部会员,2020-03,%（同比，3 个月移动平均）,2.68,11.52,
hiring_index,全部会员,2020-04,%（同比，3 个月移动平均）,9.14,14.72,
hiring_index,全部会员,2020-05,%（同比，3 个月移动平均）,22.56,18.09,
hiring_index,全部会员,2020-06,%（同比，3 个月移动平均）,26.63,16.23,
hiring_index,全部会员,2020-07,%（同比，3 个月移动平均）,22.34,16.55,
hiring_index,全部会员,2020-08,%（同比，3 个月移动平均）,8.91,22.8,
hiring_index,全部会员,2020-09,%（同比，3 个月移动平均）,5.96,16.01,
hiring_index,全部会员,2020-10,%（同比，3 个月移动平均）,3.2,7.7,
hiring_index,全部会员,2020-11,%（同比，3 个月移动平均）,2.7,-2.5,
hiring_index,全部会员,2020-12,%（同比，3 个月移动平均）,4.76,2.03,
hiring_index,全部会员,2021-01,%（同比，3 个月移动平均）,7.28,5.59,
hiring_index,全部会员,2021-02,%（同比，3 个月移动平均）,0.22,-1.64,
hiring_index,全部会员,2021-03,%（同比，3 个月移动平均）,-4.25,-3.76,
hiring_index,全部会员,2021-04,%（同比，3 个月移动平均）,-10.1,-4.68,
hiring_index,全部会员,2021-05,%（同比，3 个月移动平均）,-20.09,-2.57,
hiring_index,全部会员,2021-06,%（同比，3 个月移动平均）,-22.47,-12.09,
hiring_index,全部会员,2021-07,%（同比，3 个月移动平均）,-21.2,-13.5,
hiring_index,全部会员,2021-08,%（同比，3 个月移动平均）,-12.25,-8.1,
hiring_index,全部会员,2021-09,%（同比，3 个月移动平均）,-11.3,-0.73,
hiring_index,全部会员,2021-10,%（同比，3 个月移动平均）,-12.44,1.8,
hiring_index,全部会员,2021-11,%（同比，3 个月移动平均）,-8.93,0.41,
hiring_index,全部会员,2021-12,%（同比，3 个月移动平均）,-7.81,3.44,
hiring_index,全部会员,2022-01,%（同比，3 个月移动平均）,-8.71,4.85,
hiring_index,全部会员,2022-02,%（同比，3 个月移动平均）,-10.4,15.75,
hiring_index,全部会员,2022-03,%（同比，3 个月移动平均）,-8.78,3.25,
hiring_index,全部会员,2022-04,%（同比，3 个月移动平均）,-9.67,-0.74,
hiring_index,全部会员,2022-05,%（同比，3 个月移动平均）,-8.54,-9.55,
hiring_index,全部会员,2022-06,%（同比，3 个月移动平均）,-9.47,1.22,
hiring_index,全部会员,2022-07,%（同比，3 个月移动平均）,-5.98,3.39,
hiring_index,全部会员,2022-08,%（同比，3 个月移动平均）,-6.14,4.63,
hiring_index,全部会员,2022-09,%（同比，3 个月移动平均）,-5.72,-4.43,
hiring_index,全部会员,2022-10,%（同比，3 个月移动平均）,-0.96,2.49,
hiring_index,全部会员,2022-11,%（同比，3 个月移动平均）,-3.68,-3.14,
hiring_index,全部会员,2022-12,%（同比，3 个月移动平均）,-6.2,-9.04,
hiring_index,全部会员,2023-01,%（同比，3 个月移动平均）,-7.75,-14.23,
hiring_index,全部会员,2023-02,%（同比，3 个月移动平均）,-3.93,-3.24,
hiring_index,全部会员,2023-03,%（同比，3 个月移动平均）,-1.77,8.03,
hiring_index,全部会员,2023-04,%（同比，3 个月移动平均）,-3.09,5.69,
hiring_index,全部会员,2023-05,%（同比，3 个月移动平均）,-4.74,-0.95,
hiring_index,全部会员,2023-06,%（同比，3 个月移动平均）,-3.05,-1.77,
hiring_index,全部会员,2023-07,%（同比，3 个月移动平均）,-2.92,3.61,
hiring_index,全部会员,2023-08,%（同比，3 个月移动平均）,0.84,-3.52,
hiring_index,全部会员,2023-09,%（同比，3 个月移动平均）,2.65,1.53,
hiring_index,全部会员,2023-10,%（同比，3 个月移动平均）,-1.28,-6.48,
hiring_index,全部会员,2023-11,%（同比，3 个月移动平均）,-1.27,6.04,
hiring_index,全部会员,2023-12,%（同比，3 个月移动平均）,0.56,6.46,
hiring_index,全部会员,2024-01,%（同比，3 个月移动平均）,4.89,19.1,
hiring_index,全部会员,2024-02,%（同比，3 个月移动平均）,6.79,5.39,
hiring_index,全部会员,2024-03,%（同比，3 个月移动平均）,7.7,0.05,
hiring_index,全部会员,2024-04,%（同比，3 个月移动平均）,12.1,-4.51,
hiring_index,全部会员,2024-05,%（同比，3 个月移动平均）,15.05,4.17,
hiring_index,全部会员,2024-06,%（同比，3 个月移动平均）,16.16,12.6,
hiring_index,全部会员,2024-07,%（同比，3 个月移动平均）,14.46,11.49,
hiring_index,全部会员,2024-08,%（同比，3 个月移动平均）,14.34,14.82,
hiring_index,全部会员,2024-09,%（同比，3 个月移动平均）,12.3,9.41,
hiring_index,全部会员,2024-10,%（同比，3 个月移动平均）,13.5,17.46,
hiring_index,全部会员,2024-11,%（同比，3 个月移动平均）,13.24,16.84,
hiring_index,全部会员,2024-12,%（同比，3 个月移动平均）,13.69,17.3,
hiring_index,全部会员,2025-01,%（同比，3 个月移动平均）,14.9,9.09,
hiring_index,全部会员,2025-02,%（同比，3 个月移动平均）,13.48,12.08,
hiring_index,全部会员,2025-03,%（同比，3 个月移动平均）,12.65,19.65,
hiring_index,全部会员,2025-04,%（同比，3 个月移动平均）,9.47,31.48,
hiring_index,全部会员,2025-05,%（同比，3 个月移动平均）,5.34,28.31,
hiring_index,全部会员,2025-06,%（同比，3 个月移动平均）,4.78,15.93,
hiring_index,全部会员,2025-07,%（同比，3 个月移动平均）,6.55,9.56,
hiring_index,全部会员,2025-08,%（同比，3 个月移动平均）,6.09,11.45,
hiring_index,全部会员,2025-09,%（同比，3 个月移动平均）,6.37,13.02,
hiring_index,全部会员,2025-10,%（同比，3 个月移动平均）,7.36,10.2,
hiring_index,全部会员,2025-11,%（同比，3 个月移动平均）,9.43,4.37,
hiring_index,全部会员,2025-12,%（同比，3 个月移动平均）,7.76,9.89,
hiring_index,全部会员,2026-01,%（同比，3 个月移动平均）,3.3,8.98,
