city,year,population_wb,fast_payments_mn,fast_payments_per_cap,emoney_payments_mn,emoney_payments_per_cap,card_payments_mn,card_payments_per_cap
hk,2012,7150100,,,,,543.848,76.06
hk,2013,7178900,,,,,576.204,80.26
hk,2014,7229500,,,,,600.344,83.04
hk,2015,7291300,,,,,641.959,88.04
hk,2016,7336600,,,,,689.653,94.00
hk,2017,7393200,,,5639.448,762.79,761.627,103.02
hk,2018,7452600,5.438,0.73,6092.740,817.53,869.400,116.66
hk,2019,7507900,43.983,5.86,6260.660,833.88,986.682,131.42
hk,2020,7481000,138.210,18.47,5206.206,695.92,988.148,132.09
hk,2021,7413100,263.924,35.60,6826.017,920.80,1090.886,147.16
hk,2022,7346100,391.718,53.32,6924.876,942.66,1109.686,151.06
hk,2023,7536100,530.867,70.44,7781.334,1032.54,1277.329,169.49
hk,2024,7524100,716.022,95.16,8146.206,1082.68,1502.366,199.67
sg,2012,5312437,,,3015.140,567.56,,
sg,2013,5399162,,,3085.320,571.44,509.290,94.33
sg,2014,5469724,,,3138.130,573.73,580.990,106.22
sg,2015,5535002,18.849,3.41,3233.000,584.10,612.600,110.68
sg,2016,5607283,26.858,4.79,3366.320,600.35,697.800,124.45
sg,2017,5612253,38.563,6.87,3363.080,599.24,825.930,147.17
sg,2018,5638676,59.633,10.58,3472.920,615.91,993.120,176.13
sg,2019,5703569,93.240,16.35,3416.150,598.95,1169.945,205.13
sg,2020,5685807,146.972,25.85,2261.611,397.76,1212.851,213.31
sg,2021,5453566,225.910,41.42,2249.635,412.51,1462.956,268.26
sg,2022,5637022,291.909,51.78,2384.632,423.03,1629.567,289.08
sg,2023,5917648,380.258,64.26,2222.770,375.62,1982.467,335.01
sg,2024,6036860,500.021,82.83,2035.691,337.21,2285.652,378.62
