kind,industry,variant,variant_name,symmetric,hk_2015_17,sg_2015_17,ratio_2015_17,hk_2021_23,sg_2021_23,ratio_2021_23,slope,slope_lo,slope_hi,phi,hk_2015,hk_2016,hk_2017,hk_2018,hk_2019,hk_2020,hk_2021,hk_2022,hk_2023,sg_2015,sg_2016,sg_2017,sg_2018,sg_2019,sg_2020,sg_2021,sg_2022,sg_2023
comp,ai,V0,主口径,1,95,360,0.2639,150,921,0.1629,-0.0674,-0.1679,0.0330,4.954,30,27,38,52,36,49,46,40,64,129,97,134,134,243,259,379,280,262
comp,ai,V1,两城同剔外地集团,1,78,130,0.6000,89,353,0.2521,-0.1485,-0.2071,-0.0899,1.000,23,24,31,48,32,43,34,23,32,36,34,60,79,103,128,134,104,115
comp,ai,V2,V1＋同剔「不确定」,1,51,120,0.4250,75,253,0.2964,-0.0792,-0.1474,-0.0111,1.077,12,16,23,44,30,33,28,21,26,34,30,56,71,86,114,94,69,90
comp,ai,V5,V1＋商汤改归香港,1,78,130,0.6000,231,353,0.6544,-0.0386,-0.2202,0.1429,12.102,23,24,31,48,48,65,174,25,32,36,34,60,79,103,128,134,104,115
comp,ai,V6,主口径＋商汤改归香港,1,95,360,0.2639,292,779,0.3748,0.0147,-0.1517,0.1812,17.275,30,27,38,52,52,71,186,42,64,129,97,134,134,227,237,239,278,262
comp,ai,T1,两城各剔前 1 大申请人,1,95,215,0.4419,104,792,0.1313,-0.1988,-0.2847,-0.1128,2.868,30,27,38,52,36,49,41,28,35,68,63,84,106,174,209,336,240,216
comp,ai,T3,两城各剔前 3 大申请人,1,93,215,0.4326,93,524,0.1775,-0.1478,-0.2081,-0.0876,1.330,29,26,38,50,36,48,35,27,31,68,63,84,106,158,187,188,172,164
comp,ai,T5,两城各剔前 5 大申请人,1,78,196,0.3980,93,453,0.2053,-0.1178,-0.1774,-0.0582,1.216,23,23,32,47,36,46,35,27,31,62,54,80,89,133,164,154,150,149
comp,ai,T10,两城各剔前 10 大申请人,1,70,180,0.3889,76,347,0.2190,-0.0987,-0.1679,-0.0294,1.419,16,23,31,42,36,39,30,19,27,58,47,75,82,107,131,121,110,116
comp,ai,VS,两城同剔阶梯型主体,1,95,351,0.2707,104,759,0.1370,-0.1168,-0.1958,-0.0378,2.839,30,27,38,52,36,49,41,28,35,129,92,130,133,220,230,225,275,259
comp,ai,V4,只剔新加坡外地集团（不对称，上界）,0,95,130,0.7308,150,353,0.4249,-0.0757,-0.1549,0.0035,2.334,30,27,38,52,36,49,46,40,64,36,34,60,79,103,128,134,104,115
comp,biomed,V0,主口径,1,321,501,0.6407,410,1112,0.3687,-0.0887,-0.1343,-0.0431,2.615,104,108,109,107,140,152,154,132,124,179,147,175,215,191,289,375,372,365
comp,biomed,V1,两城同剔外地集团,1,308,404,0.7624,362,642,0.5639,-0.0440,-0.1023,0.0144,3.612,99,105,104,107,132,128,129,120,113,154,114,136,169,120,154,205,229,208
comp,biomed,V2,V1＋同剔「不确定」,1,251,359,0.6992,321,530,0.6057,-0.0204,-0.0722,0.0315,2.419,78,82,91,100,118,116,118,105,98,133,101,125,164,117,147,172,183,175
comp,biomed,V5,V1＋商汤改归香港,1,308,404,0.7624,362,642,0.5639,-0.0440,-0.1023,0.0144,3.612,99,105,104,107,132,128,129,120,113,154,114,136,169,120,154,205,229,208
comp,biomed,V6,主口径＋商汤改归香港,1,321,501,0.6407,410,1112,0.3687,-0.0887,-0.1343,-0.0431,2.615,104,108,109,107,140,152,154,132,124,179,147,175,215,191,289,375,372,365
comp,biomed,T1,两城各剔前 1 大申请人,1,320,498,0.6426,382,916,0.4170,-0.0713,-0.1225,-0.0200,3.164,104,108,108,106,138,146,151,121,110,177,147,174,214,188,231,283,312,321
comp,biomed,T3,两城各剔前 3 大申请人,1,294,492,0.5976,366,822,0.4453,-0.0487,-0.0972,-0.0002,2.673,90,97,107,106,130,126,140,117,109,177,145,170,202,178,202,254,277,291
comp,biomed,T5,两城各剔前 5 大申请人,1,282,477,0.5912,350,763,0.4587,-0.0422,-0.0880,0.0037,2.316,89,90,103,105,126,118,126,117,107,176,140,161,195,174,190,224,258,281
comp,biomed,T10,两城各剔前 10 大申请人,1,255,461,0.5531,341,652,0.5230,-0.0116,-0.0616,0.0385,2.568,87,83,85,86,114,111,123,112,106,172,137,152,171,130,178,206,211,235
comp,biomed,VS,两城同剔阶梯型主体,1,321,498,0.6446,404,906,0.4459,-0.0612,-0.1205,-0.0019,4.334,104,108,109,107,140,152,154,128,122,177,147,174,205,154,224,279,312,315
comp,biomed,V4,只剔新加坡外地集团（不对称，上界）,0,321,404,0.7946,410,642,0.6386,-0.0310,-0.0936,0.0315,4.322,104,108,109,107,140,152,154,132,124,154,114,136,169,120,154,205,229,208
comp,fintech,V0,主口径,1,39,213,0.1831,29,133,0.2180,0.0387,-0.0824,0.1599,2.323,10,14,15,10,24,12,15,10,4,85,66,62,55,63,39,35,61,37
comp,fintech,V1,两城同剔外地集团,1,39,86,0.4535,29,83,0.3494,-0.0306,-0.1429,0.0817,1.566,10,14,15,10,24,12,15,10,4,36,28,22,37,43,31,26,35,22
comp,fintech,V2,V1＋同剔「不确定」,1,31,74,0.4189,26,75,0.3467,-0.0265,-0.1419,0.0889,1.392,7,12,12,10,24,10,13,10,3,27,25,22,37,40,30,24,31,20
comp,fintech,V5,V1＋商汤改归香港,1,39,86,0.4535,30,83,0.3614,-0.0272,-0.1422,0.0878,1.651,10,14,15,10,24,12,16,10,4,36,28,22,37,43,31,26,35,22
comp,fintech,V6,主口径＋商汤改归香港,1,39,213,0.1831,30,132,0.2273,0.0426,-0.0826,0.1677,2.495,10,14,15,10,24,12,16,10,4,85,66,62,55,63,39,34,61,37
comp,fintech,T1,两城各剔前 1 大申请人,1,37,110,0.3364,27,119,0.2269,-0.0479,-0.1608,0.0651,1.711,10,13,14,9,22,12,13,10,4,48,32,30,46,53,37,32,55,32
comp,fintech,T3,两城各剔前 3 大申请人,1,31,103,0.3010,27,112,0.2411,-0.0222,-0.1474,0.1030,1.990,7,13,11,9,22,12,13,10,4,47,31,25,43,52,36,29,52,31
comp,fintech,T5,两城各剔前 5 大申请人,1,30,94,0.3191,26,102,0.2549,-0.0279,-0.1410,0.0852,1.489,7,13,10,8,22,10,12,10,4,40,29,25,41,52,36,29,44,29
comp,fintech,T10,两城各剔前 10 大申请人,1,28,90,0.3111,24,82,0.2927,0.0055,-0.1228,0.1339,1.734,5,13,10,7,22,9,12,8,4,38,28,24,39,49,28,28,28,26
comp,fintech,VS,两城同剔阶梯型主体,1,39,106,0.3679,29,116,0.2500,-0.0512,-0.1724,0.0701,2.022,10,14,15,10,24,12,15,10,4,44,32,30,45,52,34,30,55,31
comp,fintech,V4,只剔新加坡外地集团（不对称，上界）,0,39,86,0.4535,29,83,0.3494,-0.0306,-0.1429,0.0817,1.566,10,14,15,10,24,12,15,10,4,36,28,22,37,43,31,26,35,22
univ,ai,U0,主口径,1,10,30,0.3333,47,149,0.3154,-0.0639,-0.2462,0.1185,3.097,2,2,6,12,12,6,16,14,17,16,7,7,16,8,32,38,57,54
univ,ai,U1,两城各剔最大一所大学申请人,1,7,16,0.4375,20,65,0.3077,-0.0134,-0.2074,0.1805,1.481,1,1,5,4,5,3,7,5,8,8,3,5,13,7,22,25,24,16
univ,ai,U3,两城各剔前 3 大学申请人（退化，仅展示）,0,6,12,0.5000,12,8,1.5000,0.1829,-0.0771,0.4430,1.571,1,1,4,4,3,2,5,3,4,8,3,1,0,1,2,3,2,3
univ,ai,US,只剔浸会（阶梯型主体）,1,7,30,0.2333,47,149,0.3154,-0.0384,-0.2209,0.1440,2.913,2,1,4,12,11,6,16,14,17,16,7,7,16,8,32,38,57,54
univ,biomed,U0,主口径,1,134,256,0.5234,158,334,0.4731,-0.0068,-0.0714,0.0579,2.072,39,45,50,41,40,30,45,60,53,97,88,71,89,74,107,116,117,101
univ,biomed,U1,两城各剔最大一所大学申请人,1,107,170,0.6294,81,132,0.6136,0.0236,-0.0834,0.1307,3.616,30,38,39,28,26,22,24,29,28,96,39,35,35,28,36,41,56,35
univ,biomed,U3,两城各剔前 3 大学申请人（退化，仅展示）,0,69,26,2.6538,41,16,2.5625,0.0068,-0.1797,0.1934,3.034,24,19,26,18,9,6,10,14,17,16,7,3,11,5,12,7,6,3
univ,biomed,US,只剔浸会（阶梯型主体）,1,93,256,0.3633,156,334,0.4671,0.0515,-0.0165,0.1194,1.995,22,34,37,35,37,28,43,60,53,97,88,71,89,74,107,116,117,101
