indicator,industry,city,metric,value
m1_stock,ai,hk,level_2024Q4,5633.000000
m1_stock,ai,hk,trend_ann,0.226143
m1_stock,ai,hk,periods,29
m1_flow,ai,hk,level_2024,1999.000000
m1_flow,ai,hk,trend_ann,0.240974
m1_stock,ai,sg,level_2024Q4,5382.000000
m1_stock,ai,sg,trend_ann,0.166137
m1_stock,ai,sg,periods,29
m1_flow,ai,sg,level_2024,1529.000000
m1_flow,ai,sg,trend_ann,0.156825
m1_stock,biomed,hk,level_2024Q4,39612.000000
m1_stock,biomed,hk,trend_ann,0.099581
m1_stock,biomed,hk,periods,29
m1_flow,biomed,hk,level_2024,8925.000000
m1_flow,biomed,hk,trend_ann,0.081846
m1_stock,biomed,sg,level_2024Q4,34972.000000
m1_stock,biomed,sg,trend_ann,0.051421
m1_stock,biomed,sg,periods,29
m1_flow,biomed,sg,level_2024,6993.000000
m1_flow,biomed,sg,trend_ann,0.019717
m1_stock,fintech,hk,level_2024Q4,1158.000000
m1_stock,fintech,hk,trend_ann,0.412726
m1_stock,fintech,hk,periods,29
m1_flow,fintech,hk,level_2024,369.000000
m1_flow,fintech,hk,trend_ann,0.300323
m1_stock,fintech,sg,level_2024Q4,789.000000
m1_stock,fintech,sg,trend_ann,0.254153
m1_stock,fintech,sg,periods,29
m1_flow,fintech,sg,level_2024,233.000000
m1_flow,fintech,sg,trend_ann,0.109244
m4,ai,hk,share_2015_17,0.402724
m4,ai,hk,share_2022_24,0.363229
m4,ai,hk,change_pp,-3.949504
m4,ai,sg,share_2015_17,0.432900
m4,ai,sg,share_2022_24,0.356401
m4,ai,sg,change_pp,-7.649905
m4,biomed,hk,share_2015_17,0.272329
m4,biomed,hk,share_2022_24,0.312033
m4,biomed,hk,change_pp,3.970438
m4,biomed,sg,share_2015_17,0.290134
m4,biomed,sg,share_2022_24,0.274940
m4,biomed,sg,change_pp,-1.519479
m4,fintech,hk,share_2015_17,0.489796
m4,fintech,hk,share_2022_24,0.484637
m4,fintech,hk,change_pp,-0.515905
m4,fintech,sg,share_2015_17,0.525424
m4,fintech,sg,share_2022_24,0.447732
m4,fintech,sg,change_pp,-7.769197
m7,ai,hk,share_2015_17,0.722386
m7,ai,hk,share_2022_24,0.804994
m7,ai,hk,change_pp,8.260776
m7,ai,sg,share_2015_17,0.662745
m7,ai,sg,share_2022_24,0.744930
m7,ai,sg,change_pp,8.218497
m7,biomed,hk,share_2015_17,0.800865
m7,biomed,hk,share_2022_24,0.866840
m7,biomed,hk,change_pp,6.597498
m7,biomed,sg,share_2015_17,0.597272
m7,biomed,sg,share_2022_24,0.679835
m7,biomed,sg,change_pp,8.256254
m7,fintech,hk,share_2015_17,0.724638
m7,fintech,hk,share_2022_24,0.709412
m7,fintech,hk,change_pp,-1.522592
m7,fintech,sg,share_2015_17,0.525000
m7,fintech,sg,share_2022_24,0.753968
m7,fintech,sg,change_pp,22.896825
m5,ai,hk,share_2015_17,0.016878
m5,ai,hk,share_2022_24,0.093236
m5,ai,hk,change_pp,7.635819
m5,ai,sg,share_2015_17,0.016878
m5,ai,sg,share_2022_24,0.100548
m5,ai,sg,change_pp,8.367081
m5,biomed,hk,share_2015_17,0.005244
m5,biomed,hk,share_2022_24,0.012217
m5,biomed,hk,change_pp,0.697323
m5,biomed,sg,share_2015_17,0.009632
m5,biomed,sg,share_2022_24,0.014678
m5,biomed,sg,change_pp,0.504610
m8,ai,hk,annual_2021_23,50.000000
m8,ai,hk,annual_2015_17,31.666667
m8,ai,hk,trend_ann,0.074718
m8,ai,sg,annual_2021_23,307.000000
m8,ai,sg,annual_2015_17,120.000000
m8,ai,sg,trend_ann,0.152817
m8,biomed,hk,annual_2021_23,136.666667
m8,biomed,hk,annual_2015_17,107.000000
m8,biomed,hk,trend_ann,0.040700
m8,biomed,sg,annual_2021_23,370.666667
m8,biomed,sg,annual_2015_17,167.000000
m8,biomed,sg,trend_ann,0.131200
m8,fintech,hk,annual_2021_23,9.666667
m8,fintech,hk,annual_2015_17,13.000000
m8,fintech,hk,trend_ann,-0.039002
m8,fintech,sg,annual_2021_23,44.333333
m8,fintech,sg,annual_2015_17,71.000000
m8,fintech,sg,trend_ann,-0.079308
m8_asis,ai,hk,annual_2021_23,50.000000
m8_asis,ai,hk,annual_2015_17,86.000000
m8_asis,ai,hk,trend_ann,-0.062940
m8_asis,ai,sg,annual_2021_23,318.000000
m8_asis,ai,sg,annual_2015_17,120.333333
m8_asis,ai,sg,trend_ann,0.158846
m8_asis,biomed,hk,annual_2021_23,136.666667
m8_asis,biomed,hk,annual_2015_17,108.666667
m8_asis,biomed,hk,trend_ann,0.037930
m8_asis,biomed,sg,annual_2021_23,371.000000
m8_asis,biomed,sg,annual_2015_17,167.000000
m8_asis,biomed,sg,trend_ann,0.131375
m8_asis,fintech,hk,annual_2021_23,9.666667
m8_asis,fintech,hk,annual_2015_17,59.000000
m8_asis,fintech,hk,trend_ann,-0.218358
m8_asis,fintech,sg,annual_2021_23,48.666667
m8_asis,fintech,sg,annual_2015_17,72.000000
m8_asis,fintech,sg,trend_ann,-0.064382
m9_trials,biomed,hk,annual_2022_24,407.000000
m9_trials,biomed,hk,annual_2015_17,208.333333
m9_trials,biomed,hk,trend_ann,0.104184
m9_phase3,biomed,hk,annual_2022_24,59.333333
m9_phase3,biomed,hk,annual_2015_17,44.333333
m9_trials,biomed,sg,annual_2022_24,233.333333
m9_trials,biomed,sg,annual_2015_17,187.333333
m9_trials,biomed,sg,trend_ann,0.036997
m9_phase3,biomed,sg,annual_2022_24,50.333333
m9_phase3,biomed,sg,annual_2015_17,44.000000
licenses,fintech,hk,cumulative_2017Q4,13.000000
licenses,fintech,hk,cumulative_2019Q4,23.000000
licenses,fintech,hk,cumulative_2024Q4,31.000000
m1_stock,ai,hk/sg,ratio_level_2024Q4,1.046637
m1_stock,biomed,hk/sg,ratio_level_2024Q4,1.132678
m1_stock,fintech,hk/sg,ratio_level_2024Q4,1.467681
m1_flow,ai,hk/sg,ratio_level_2024,1.307390
m1_flow,biomed,hk/sg,ratio_level_2024,1.276276
m1_flow,fintech,hk/sg,ratio_level_2024,1.583691
m4,ai,hk/sg,ratio_share_2022_24,1.019156
m4,biomed,hk/sg,ratio_share_2022_24,1.134916
m4,fintech,hk/sg,ratio_share_2022_24,1.082427
m5,ai,hk/sg,ratio_share_2022_24,0.927273
m5,biomed,hk/sg,ratio_share_2022_24,0.832353
m7,ai,hk/sg,ratio_share_2022_24,1.080630
m7,biomed,hk/sg,ratio_share_2022_24,1.275073
m7,fintech,hk/sg,ratio_share_2022_24,0.940904
m8,ai,hk/sg,ratio_annual_2021_23,0.162866
m8,biomed,hk/sg,ratio_annual_2021_23,0.368705
m8,fintech,hk/sg,ratio_annual_2021_23,0.218045
m8_asis,ai,hk/sg,ratio_annual_2021_23,0.157233
m8_asis,biomed,hk/sg,ratio_annual_2021_23,0.368374
m8_asis,fintech,hk/sg,ratio_annual_2021_23,0.198630
m9_trials,biomed,hk/sg,ratio_annual_2022_24,1.744286
m9_phase3,biomed,hk/sg,ratio_annual_2022_24,1.178808
