industry,series,year,hk,sg,ratio,note
ai,研究者存量,2017,1383.000000,2031.000000,0.680945,Q4 存量
ai,大学专利,2017,10.000000,30.000000,0.333333,2015–2017 三年合计
ai,企业专利,2017,95.000000,360.000000,0.263889,2015–2017 三年合计
ai,研究者存量,2018,1554.000000,2174.000000,0.714811,Q4 存量
ai,大学专利,2018,20.000000,30.000000,0.666667,2016–2018 三年合计
ai,企业专利,2018,117.000000,365.000000,0.320548,2016–2018 三年合计
ai,研究者存量,2019,1885.000000,2418.000000,0.779570,Q4 存量
ai,大学专利,2019,30.000000,31.000000,0.967742,2017–2019 三年合计
ai,企业专利,2019,126.000000,511.000000,0.246575,2017–2019 三年合计
ai,研究者存量,2020,2197.000000,2805.000000,0.783244,Q4 存量
ai,大学专利,2020,30.000000,56.000000,0.535714,2018–2020 三年合计
ai,企业专利,2020,137.000000,636.000000,0.215409,2018–2020 三年合计
ai,研究者存量,2021,2735.000000,3383.000000,0.808454,Q4 存量
ai,大学专利,2021,34.000000,78.000000,0.435897,2019–2021 三年合计
ai,企业专利,2021,131.000000,881.000000,0.148695,2019–2021 三年合计
ai,研究者存量,2022,3356.000000,3908.000000,0.858751,Q4 存量
ai,大学专利,2022,36.000000,127.000000,0.283465,2020–2022 三年合计
ai,企业专利,2022,135.000000,918.000000,0.147059,2020–2022 三年合计
ai,研究者存量,2023,4309.000000,4702.000000,0.916419,Q4 存量
ai,大学专利,2023,47.000000,149.000000,0.315436,2021–2023 三年合计
ai,企业专利,2023,150.000000,921.000000,0.162866,2021–2023 三年合计
ai,研究者存量,2024,5633.000000,5382.000000,1.046637,Q4 存量
biomed,研究者存量,2017,21683.000000,25599.000000,0.847025,Q4 存量
biomed,大学专利,2017,134.000000,256.000000,0.523438,2015–2017 三年合计
biomed,企业专利,2017,321.000000,501.000000,0.640719,2015–2017 三年合计
biomed,研究者存量,2018,22699.000000,26674.000000,0.850978,Q4 存量
biomed,大学专利,2018,136.000000,248.000000,0.548387,2016–2018 三年合计
biomed,企业专利,2018,324.000000,537.000000,0.603352,2016–2018 三年合计
biomed,研究者存量,2019,23898.000000,27156.000000,0.880027,Q4 存量
biomed,大学专利,2019,131.000000,234.000000,0.559829,2017–2019 三年合计
biomed,企业专利,2019,356.000000,581.000000,0.612737,2017–2019 三年合计
biomed,研究者存量,2020,27060.000000,29738.000000,0.909947,Q4 存量
biomed,大学专利,2020,111.000000,270.000000,0.411111,2018–2020 三年合计
biomed,企业专利,2020,399.000000,695.000000,0.574101,2018–2020 三年合计
biomed,研究者存量,2021,29828.000000,31725.000000,0.940205,Q4 存量
biomed,大学专利,2021,115.000000,297.000000,0.387205,2019–2021 三年合计
biomed,企业专利,2021,446.000000,855.000000,0.521637,2019–2021 三年合计
biomed,研究者存量,2022,34252.000000,33313.000000,1.028187,Q4 存量
biomed,大学专利,2022,135.000000,340.000000,0.397059,2020–2022 三年合计
biomed,企业专利,2022,438.000000,1036.000000,0.422780,2020–2022 三年合计
biomed,研究者存量,2023,36336.000000,34350.000000,1.057817,Q4 存量
biomed,大学专利,2023,158.000000,334.000000,0.473054,2021–2023 三年合计
biomed,企业专利,2023,410.000000,1112.000000,0.368705,2021–2023 三年合计
biomed,研究者存量,2024,39612.000000,34972.000000,1.132678,Q4 存量
fintech,研究者存量,2017,98.000000,127.000000,0.771654,Q4 存量
fintech,企业专利,2017,39.000000,213.000000,0.183099,2015–2017 三年合计
fintech,研究者存量,2018,166.000000,236.000000,0.703390,Q4 存量
fintech,企业专利,2018,39.000000,183.000000,0.213115,2016–2018 三年合计
fintech,研究者存量,2019,236.000000,341.000000,0.692082,Q4 存量
fintech,企业专利,2019,49.000000,180.000000,0.272222,2017–2019 三年合计
fintech,研究者存量,2020,342.000000,462.000000,0.740260,Q4 存量
fintech,企业专利,2020,46.000000,157.000000,0.292994,2018–2020 三年合计
fintech,研究者存量,2021,490.000000,537.000000,0.912477,Q4 存量
fintech,企业专利,2021,51.000000,137.000000,0.372263,2019–2021 三年合计
fintech,研究者存量,2022,695.000000,603.000000,1.152570,Q4 存量
fintech,企业专利,2022,37.000000,135.000000,0.274074,2020–2022 三年合计
fintech,研究者存量,2023,953.000000,712.000000,1.338483,Q4 存量
fintech,企业专利,2023,29.000000,133.000000,0.218045,2021–2023 三年合计
fintech,研究者存量,2024,1158.000000,789.000000,1.467681,Q4 存量
