indicator,variant,scale,share_industry,share_city,share_interaction,share_time,gamma_ai_hk,gamma_biomed_hk,gamma_fintech_hk,periods
m1_stock,全40期,水平,0.8303,0.0007,0.0007,0.1683,0.0074,-0.0346,0.0272,40
m1_stock,全40期,√x,0.8925,0.0009,0.0004,0.1062,-0.0128,-0.0154,0.0282,40
m1_stock,全40期,log(x+1),0.8329,0.0014,0.0003,0.1654,-0.0260,0.0164,0.0095,40
m1_stock,可用29期,水平,0.9564,0.0004,0.0003,0.0430,0.0015,-0.0222,0.0207,29
m1_stock,可用29期,√x,0.9733,0.0005,0.0003,0.0260,-0.0149,-0.0073,0.0222,29
m1_stock,可用29期,log(x+1),0.9409,0.0009,0.0003,0.0578,-0.0255,0.0154,0.0101,29
m1_flow,全40期,水平,0.8744,0.0000,0.0001,0.1255,-0.0102,0.0067,0.0035,40
m1_flow,全40期,√x,0.9334,0.0000,0.0002,0.0664,-0.0215,0.0093,0.0122,40
m1_flow,全40期,log(x+1),0.8696,0.0003,0.0004,0.1297,-0.0291,0.0167,0.0124,40
m1_flow,可用28期,水平,0.9264,0.0012,0.0021,0.0702,-0.0362,0.0653,-0.0291,28
m1_flow,可用28期,√x,0.9468,0.0004,0.0008,0.0520,-0.0306,0.0365,-0.0059,28
m1_flow,可用28期,log(x+1),0.9136,0.0000,0.0004,0.0859,-0.0298,0.0176,0.0122,28
m4,全40期,水平,0.3675,0.0018,0.0005,0.6303,-0.0279,0.0041,0.0239,40
m4,全40期,arcsin√p,0.2483,0.0004,0.0002,0.7510,-0.0095,0.0203,-0.0108,40
m4,全40期,经验logit,0.4772,0.0025,0.0006,0.5196,-0.0349,0.0103,0.0246,40
m7,全40期,水平,0.0168,0.1437,0.0588,0.7806,-0.1566,0.3425,-0.1859,40
m7,全40期,arcsin√p,0.0095,0.1087,0.0443,0.8375,-0.1411,0.2974,-0.1563,40
m7,全40期,经验logit,0.0334,0.2300,0.1025,0.6341,-0.2102,0.4524,-0.2421,40
m8,asis,水平,0.1739,0.1072,0.1028,0.6161,-0.2164,-0.2367,0.4532,36
m8,asis,√x,0.2697,0.1270,0.0526,0.5507,-0.2017,-0.1190,0.3207,36
m8,asis,log(x+1),0.3230,0.1295,0.0119,0.5356,-0.1444,0.0247,0.1197,36
m8,ali_grp,水平,0.3315,0.2921,0.0551,0.3213,-0.2542,-0.0577,0.3119,36
m8,ali_grp,√x,0.4367,0.3304,0.0267,0.2062,-0.2309,0.1113,0.1196,36
m8,ali_grp,log(x+1),0.4719,0.3244,0.0358,0.1679,-0.1519,0.2669,-0.1150,36
m8,ali_ant_grp,水平,0.3493,0.2781,0.0596,0.3130,-0.2555,-0.0734,0.3290,36
m8,ali_ant_grp,√x,0.4608,0.3078,0.0291,0.2023,-0.2392,0.0924,0.1468,36
m8,ali_ant_grp,log(x+1),0.5008,0.2987,0.0313,0.1692,-0.1660,0.2453,-0.0793,36
