analysis,scope,tai_indicator,output,n_pairs,statistic,p_block,bh_fdr_pass,note
S1,六单元,m1_stock 研究者存量,企业专利族,102,-0.2059,0.1074,False,可侦测最小相关：名义 0.30，按有效样本量 0.32；剔除 fintech/hk 后 R=-0.273（描述）
S1,六单元,m1_flow 新增作者,企业专利族,96,0.2627,0.0625,False,可侦测最小相关：名义 0.31，按有效样本量 0.39；剔除 fintech/hk 后 R=+0.100（描述）
S1,六单元,m4 前10%高引占比,企业专利族,168,0.0934,0.3053,False,可侦测最小相关：名义 0.22，按有效样本量 0.27；剔除 fintech/hk 后 R=+0.132（描述）
S1,六单元,m7 国际合著比例,企业专利族,168,0.008,0.9265,False,可侦测最小相关：名义 0.22，按有效样本量 0.27；剔除 fintech/hk 后 R=-0.017（描述）
S1HK,香港三单元（次要）,m1_stock 研究者存量,企业专利族,51,-0.0319,0.8251,False,可侦测最小相关：名义 0.41，按有效样本量 0.39
S1HK,香港三单元（次要）,m1_flow 新增作者,企业专利族,48,0.5662,0.0025,True,可侦测最小相关：名义 0.42，按有效样本量 0.52；留一检查稳健：去掉 ai/hk: R=+0.629；去掉 biomed/hk: R=+0.652；去掉 fintech/hk: R=+0.385
S1HK,香港三单元（次要）,m4 前10%高引占比,企业专利族,84,0.0553,0.6017,False,可侦测最小相关：名义 0.31，按有效样本量 0.36
S1HK,香港三单元（次要）,m7 国际合著比例,企业专利族,84,0.0819,0.4763,False,可侦测最小相关：名义 0.31，按有效样本量 0.38
S2,biomed/hk,m1_stock 研究者存量,S2a 全部临床试验,21,-0.1551,0.6832,False,可侦测最小相关：名义 0.58，按有效样本量 0.61
S2,biomed/sg,m1_stock 研究者存量,S2a 全部临床试验,21,-0.5381,0.01,False,可侦测最小相关：名义 0.58，按有效样本量 0.65
S2,biomed/hk,m1_flow 新增作者,S2a 全部临床试验,20,-0.3628,0.3018,False,可侦测最小相关：名义 0.59，按有效样本量 0.82
S2,biomed/sg,m1_flow 新增作者,S2a 全部临床试验,20,-0.2423,0.4958,False,可侦测最小相关：名义 0.59，按有效样本量 0.68
S2,biomed/hk,m4 前10%高引占比,S2a 全部临床试验,32,0.1522,0.5372,False,可侦测最小相关：名义 0.48，按有效样本量 0.58
S2,biomed/sg,m4 前10%高引占比,S2a 全部临床试验,32,0.0507,0.8356,False,可侦测最小相关：名义 0.48，按有效样本量 0.53
S2,biomed/hk,m7 国际合著比例,S2a 全部临床试验,32,0.1516,0.5307,False,可侦测最小相关：名义 0.48，按有效样本量 0.59
S2,biomed/sg,m7 国际合著比例,S2a 全部临床试验,32,0.342,0.093,False,可侦测最小相关：名义 0.48，按有效样本量 0.57
S2,biomed/hk,m1_stock 研究者存量,S2b 企业申办临床试验,21,-0.0895,0.7666,False,可侦测最小相关：名义 0.58，按有效样本量 0.70
S2,biomed/sg,m1_stock 研究者存量,S2b 企业申办临床试验,21,-0.3875,0.1704,False,可侦测最小相关：名义 0.58，按有效样本量 0.68
S2,biomed/hk,m1_flow 新增作者,S2b 企业申办临床试验,20,-0.1012,0.7026,False,可侦测最小相关：名义 0.59，按有效样本量 0.79
S2,biomed/sg,m1_flow 新增作者,S2b 企业申办临床试验,20,-0.0903,0.7121,False,可侦测最小相关：名义 0.59，按有效样本量 0.67
S2,biomed/hk,m4 前10%高引占比,S2b 企业申办临床试验,32,-0.1537,0.4293,False,可侦测最小相关：名义 0.48，按有效样本量 0.57
S2,biomed/sg,m4 前10%高引占比,S2b 企业申办临床试验,32,0.1277,0.4458,False,可侦测最小相关：名义 0.48，按有效样本量 0.54
S2,biomed/hk,m7 国际合著比例,S2b 企业申办临床试验,32,-0.2973,0.1519,False,可侦测最小相关：名义 0.48，按有效样本量 0.59
S2,biomed/sg,m7 国际合著比例,S2b 企业申办临床试验,32,-0.0485,0.7781,False,可侦测最小相关：名义 0.48，按有效样本量 0.54
S2-合并,biomed 港星,m1_stock 研究者存量,S2a 全部临床试验,42,-0.3618,0.0795,False,可侦测最小相关：名义 0.44，按有效样本量 0.48
S2-合并,biomed 港星,m1_flow 新增作者,S2a 全部临床试验,40,-0.3037,0.1769,False,可侦测最小相关：名义 0.45，按有效样本量 0.59
S2-合并,biomed 港星,m4 前10%高引占比,S2a 全部临床试验,64,0.1017,0.5547,False,可侦测最小相关：名义 0.35，按有效样本量 0.41
S2-合并,biomed 港星,m7 国际合著比例,S2a 全部临床试验,64,0.2492,0.1284,False,可侦测最小相关：名义 0.35，按有效样本量 0.43
S2-合并,biomed 港星,m1_stock 研究者存量,S2b 企业申办临床试验,42,-0.2443,0.2409,False,可侦测最小相关：名义 0.44，按有效样本量 0.54
S2-合并,biomed 港星,m1_flow 新增作者,S2b 企业申办临床试验,40,-0.0957,0.6442,False,可侦测最小相关：名义 0.45，按有效样本量 0.57
S2-合并,biomed 港星,m4 前10%高引占比,S2b 企业申办临床试验,64,-0.0133,0.9085,False,可侦测最小相关：名义 0.35，按有效样本量 0.42
S2-合并,biomed 港星,m7 国际合著比例,S2b 企业申办临床试验,64,-0.1757,0.1719,False,可侦测最小相关：名义 0.35，按有效样本量 0.42
