city,assignee,n_total,detail
hk,CONTEMPORARY AMPEREX TECHNOLOGY HONG KONG LTD,52,"{('ai', 'w3'): 46, ('biomed', 'w3'): 6}"
hk,INSILICO MEDICINE IP LTD,40,"{('ai', 'w3'): 11, ('biomed', 'w1'): 1, ('biomed', 'w3'): 28}"
hk,ROTAM AGROCHEM INT CO LTD,37,"{('biomed', 'w1'): 30, ('biomed', 'w3'): 7}"
hk,TALENGEN INT LTD,20,"{('biomed', 'w1'): 7, ('biomed', 'w3'): 13}"
hk,THUNDER POWER HONG KONG LTD,18,"{('ai', 'w1'): 15, ('biomed', 'w1'): 2, ('fintech', 'w1'): 1}"
hk,THUNDER POWER NEW ENERGY VEHICLE DEVELOPMENT CO LTD,15,"{('ai', 'w1'): 13, ('biomed', 'w1'): 1, ('fintech', 'w1'): 1}"
hk,ANTS TECH HK LIMITED,10,"{('ai', 'w1'): 9, ('biomed', 'w1'): 1}"
hk,LOGISTICS AND SUPPLY CHAIN MULTITECH R&D CENTRE LTD,10,"{('ai', 'w3'): 7, ('biomed', 'w3'): 3}"
hk,MULTI SCALE MEDICAL ROBOTICS CENTER LTD,10,"{('ai', 'w3'): 2, ('biomed', 'w3'): 8}"
hk,ASIA PACIFIC MEDICAL TECH DEVELOPMENT COMPANY LTD,10,"{('biomed', 'w1'): 10}"
hk,PUZHEN LIFE CO LTD,10,"{('biomed', 'w1'): 5, ('biomed', 'w3'): 5}"
hk,NORTH & SOUTH BROTHER PHARMACY INVESTMENT CO LTD,10,"{('biomed', 'w1'): 10}"
hk,ASCENTAGE PHARMA GROUP CORP LTD,10,"{('biomed', 'w3'): 10}"
hk,FIH HONG KONG LTD,9,"{('ai', 'w1'): 8, ('biomed', 'w1'): 1}"
hk,SUNASIC TECH LIMITED,8,"{('ai', 'w1'): 7, ('biomed', 'w1'): 1}"
hk,HIFIBIO HK LTD,8,"{('biomed', 'w3'): 8}"
hk,PREC ROBOTICS HONG KONG LIMITED,8,"{('biomed', 'w3'): 8}"
hk,WELL BEING DIGITAL LTD,7,"{('biomed', 'w1'): 4, ('biomed', 'w3'): 3}"
hk,TELEFIELD MEDICAL IMAGING LTD,7,"{('biomed', 'w1'): 5, ('biomed', 'w3'): 2}"
hk,DSG TECHNOLOGY HOLDINGS LTD,7,"{('biomed', 'w1'): 7}"
hk,RMW CHO GROUP LTD,7,"{('biomed', 'w3'): 7}"
hk,LUCAS GC LTD,6,"{('ai', 'w3'): 5, ('fintech', 'w3'): 1}"
hk,MOFFETT INTERNATIONAL CO LTD,6,"{('ai', 'w3'): 6}"
hk,TOP VICTORY INVESTMENTS LTD,6,"{('ai', 'w3'): 6}"
hk,ACCRO BIOSCIENCE HK LTD,6,"{('biomed', 'w1'): 1, ('biomed', 'w3'): 5}"
hk,HEPAGENE THERAPEUTICS HK LTD,6,"{('biomed', 'w1'): 2, ('biomed', 'w3'): 4}"
hk,FULL LIFE TECH HK LIMITED,6,"{('biomed', 'w3'): 6}"
hk,FBD BIOLOGICS LTD,6,"{('biomed', 'w3'): 6}"
hk,GOODIX TECH HK COMPANY LIMITED,5,"{('ai', 'w1'): 2, ('ai', 'w3'): 3}"
hk,MOFFETT INTERNATIONAL CO LIMITED,5,"{('ai', 'w3'): 5}"
hk,IEMIS HK LTD,5,"{('ai', 'w3'): 1, ('biomed', 'w3'): 4}"
hk,ACT GENOMICS IP LTD,5,"{('ai', 'w3'): 1, ('biomed', 'w3'): 4}"
hk,HOVIONE INT LTD,5,"{('biomed', 'w1'): 5}"
hk,JUPENG BIO HK LTD,5,"{('biomed', 'w1'): 2, ('biomed', 'w3'): 3}"
hk,IP FULL ASSET LTD,5,"{('biomed', 'w1'): 4, ('biomed', 'w3'): 1}"
hk,PERFECT VISION TECH HK LTD,5,"{('biomed', 'w1'): 5}"
hk,TENACIA BIOTECHNOLOGY HONG KONG CO LTD,5,"{('biomed', 'w1'): 4, ('biomed', 'w3'): 1}"
hk,NOVOHEART INTERNATIONAL LTD,5,"{('biomed', 'w1'): 1, ('biomed', 'w3'): 4}"
hk,ANTENGENE BIOLOGICS LTD,5,"{('biomed', 'w3'): 5}"
hk,ANTENGENE DISCOVERY LTD,5,"{('biomed', 'w3'): 5}"
hk,REHAB ROBOTICS COMPANY LTD,5,"{('biomed', 'w3'): 5}"
hk,ACERAND THERAPEUTICS HONG KONG LTD,5,"{('biomed', 'w3'): 5}"
hk,THUNDER POWER NEW ENERGY VEHICLE DEV CO LTD,4,"{('ai', 'w1'): 4}"
hk,SOFT LINES INTERNATIONAL LTD,4,"{('biomed', 'w1'): 4}"
hk,SCION MEDICAL LTD,4,"{('biomed', 'w1'): 4}"
hk,PANGU BIOPHARMA LTD,4,"{('biomed', 'w1'): 4}"
hk,SOFT LINES INT LTD,4,"{('biomed', 'w1'): 4}"
hk,ZEN DESIGN SOLUTIONS LTD,4,"{('biomed', 'w1'): 4}"
hk,ASIA PACIFIC MEDICAL TECH DEV COMPANY LTD,4,"{('biomed', 'w1'): 4}"
hk,GRAND DECADE DEVELOPMENTS LTD,4,"{('biomed', 'w1'): 1, ('biomed', 'w3'): 3}"
hk,ENANO HEALTH LTD,4,"{('biomed', 'w1'): 3, ('biomed', 'w3'): 1}"
hk,LONG SHENG FARMA LTD,4,"{('biomed', 'w1'): 4}"
hk,PERFECT VISION TECH (HK) LTD,4,"{('biomed', 'w1'): 4}"
hk,Health Hope Pharma HK Ltd,4,"{('biomed', 'w1'): 2, ('biomed', 'w3'): 2}"
hk,HEALTH HOPE PHARMA LTD,4,"{('biomed', 'w1'): 1, ('biomed', 'w3'): 3}"
hk,NOVOHEART LTD,4,"{('biomed', 'w1'): 1, ('biomed', 'w3'): 3}"
hk,MAST INDUSTRIES FAR EAST LTD,4,"{('biomed', 'w1'): 1, ('biomed', 'w3'): 3}"
hk,JI XING PHARMACEUTICALS HONG KONG LTD,4,"{('biomed', 'w1'): 2, ('biomed', 'w3'): 2}"
hk,PHASE SCIENT INTERNATIONAL LTD,4,"{('biomed', 'w3'): 4}"
hk,YICHEN THERAPEUTICS LTD,4,"{('biomed', 'w3'): 4}"
hk,EIELING TECH LIMITED,4,"{('biomed', 'w3'): 4}"
hk,ELIXIRON IMMUNOTHERAPEUTICS HONG KONG LTD,4,"{('biomed', 'w3'): 4}"
hk,TAVOTEK BIOTHERAPEUTICS HONG KONG LTD,4,"{('biomed', 'w3'): 4}"
hk,GENEDITBIO LTD,4,"{('biomed', 'w3'): 4}"
hk,PURECODON HONG KONG BIOPHARMA LTD,4,"{('biomed', 'w3'): 4}"
hk,PLESON HK TECH LIMITED,4,"{('biomed', 'w3'): 4}"
hk,RONA BIOSCIENCE LTD,4,"{('biomed', 'w3'): 4}"
hk,SYNERK BIOTECH LTD,4,"{('biomed', 'w3'): 4}"
hk,BBPOS LTD,4,"{('fintech', 'w1'): 2, ('fintech', 'w3'): 2}"
hk,ANTS TECH (HK) LTD,3,"{('ai', 'w1'): 2, ('biomed', 'w1'): 1}"
hk,BIO-MEDICAL ENG (HK) LTD,3,"{('ai', 'w1'): 1, ('biomed', 'w1'): 2}"
hk,HAMPEN TECH CORPORATION LIMITED,3,"{('ai', 'w1'): 2, ('fintech', 'w1'): 1}"
hk,BGI HEALTH HK COMPANY LTD,3,"{('ai', 'w3'): 2, ('biomed', 'w3'): 1}"
hk,NEMO POWER TOOLS LTD,3,"{('ai', 'w3'): 3}"
hk,AUTOMATION FOR HUMANITY LTD,3,"{('ai', 'w3'): 1, ('biomed', 'w3'): 2}"
hk,ONANOFF LTD COMPANY LTD,3,"{('ai', 'w3'): 1, ('fintech', 'w3'): 2}"
hk,PACBRIDGE PARTNERS II INVEST CO LTD,3,"{('ai', 'w3'): 1, ('biomed', 'w3'): 2}"
hk,VISION GLOBAL HOLDINGS LTD,3,"{('biomed', 'w1'): 3}"
hk,HOVIONE HOLDING LTD,3,"{('biomed', 'w1'): 3}"
hk,NAL PHARMACEUTICAL GROUP LTD,3,"{('biomed', 'w1'): 3}"
hk,NAL PHARMACEUTICALS LTD,3,"{('biomed', 'w1'): 3}"
hk,BILLION KING INT LTD,3,"{('biomed', 'w1'): 3}"
hk,ROTAM AGROCHEM INTERNATIONAL CO LTD,3,"{('biomed', 'w1'): 3}"
hk,ASIA PACIFIC MEDICAL TECHNOLOGY DEVELOPMENT COMPANY LTD,3,"{('biomed', 'w1'): 3}"
hk,CRAGE MEDICAL CO LTD,3,"{('biomed', 'w1'): 3}"
hk,EVERGREEN LAND LTD,3,"{('biomed', 'w1'): 2, ('biomed', 'w3'): 1}"
hk,HEARTISANS LTD,3,"{('biomed', 'w1'): 3}"
hk,INNOVATIVE PREC INSTR LTD,3,"{('biomed', 'w1'): 3}"
hk,RONDISH COMPANY LTD,3,"{('biomed', 'w1'): 2, ('biomed', 'w3'): 1}"
hk,CORXEL PHARMACEUTICALS HONG KONG LTD,3,"{('biomed', 'w1'): 1, ('biomed', 'w3'): 2}"
hk,MEDIBOSTON LTD,3,"{('biomed', 'w3'): 3}"
hk,MICROBIOTA I CENTER MAGIC LTD,3,"{('biomed', 'w3'): 3}"
hk,ALCOLEAR LTD,3,"{('biomed', 'w3'): 3}"
hk,AI BIOMATERIAL HEALTHTECH LTD,3,"{('biomed', 'w3'): 2, ('fintech', 'w3'): 1}"
hk,AVALON STERITECH LTD,3,"{('biomed', 'w3'): 3}"
hk,ACT GENOMICS IP CO LTD,3,"{('biomed', 'w3'): 3}"
hk,EPIMAB BIOTHERAPEUTICS HK LTD,3,"{('biomed', 'w3'): 3}"
hk,CTR INTELLECTUAL PROPERTY CO LTD,3,"{('biomed', 'w3'): 3}"
hk,SILICON & SYSTEM CO LTD,3,"{('biomed', 'w3'): 3}"
hk,SINOMAB BIOSCIENCE LTD,3,"{('biomed', 'w3'): 3}"
hk,SIRONAX HONG KONG CO LIMITED,3,"{('biomed', 'w3'): 3}"
hk,WIFIRE OPEN NETWORK GROUP LTD,3,"{('fintech', 'w1'): 3}"
hk,EPISODE SIX LTD,3,"{('fintech', 'w1'): 3}"
hk,ADVANCED APPLIED TECH LTD,2,"{('ai', 'w1'): 1, ('biomed', 'w1'): 1}"
hk,APPLIED ADVANCED TECHNOLOGIES LTD,2,"{('ai', 'w1'): 1, ('biomed', 'w1'): 1}"
hk,ASIA BASE TECH LIMITED,2,"{('ai', 'w1'): 1, ('fintech', 'w1'): 1}"
hk,ASIABASE TECH LIMITED,2,"{('ai', 'w1'): 1, ('fintech', 'w1'): 1}"
hk,ASIABASE TECH LTD,2,"{('ai', 'w1'): 1, ('fintech', 'w1'): 1}"
hk,ASIABASE TECHNOLOGIES LTD,2,"{('ai', 'w1'): 1, ('fintech', 'w1'): 1}"
hk,PLATYSENS LTD,2,"{('ai', 'w1'): 1, ('biomed', 'w1'): 1}"
hk,CHRYSUS INTELLECTUAL PROPERTIES LTD,2,"{('ai', 'w1'): 1, ('ai', 'w3'): 1}"
hk,SOLOS TECH LIMITED,2,"{('ai', 'w1'): 2}"
hk,SINOEAST CONCEPT LTD,2,"{('ai', 'w1'): 2}"
hk,ARUZE GAMING HONG KONG LTD,2,"{('ai', 'w1'): 2}"
hk,MARVEL DIGITAL LTD,2,"{('ai', 'w1'): 2}"
hk,MARCH PROJECTION LTD,2,"{('ai', 'w1'): 1, ('fintech', 'w1'): 1}"
hk,NEC HONG KONG LTD,2,"{('ai', 'w1'): 2}"
hk,BRASS RING INTERNATIONAL DENSITY ENTERPRISE LTD,2,"{('ai', 'w1'): 1, ('fintech', 'w1'): 1}"
hk,PLUSAI LTD,2,"{('ai', 'w1'): 2}"
hk,FIND SOLUTION ARTIFICIAL INTELLIGENCE LTD,2,"{('ai', 'w1'): 1, ('biomed', 'w1'): 1}"
hk,FUTURE MOBILITY CORPORATION LTD,2,"{('ai', 'w1'): 2}"
hk,WISERS INFORMATION LTD,2,"{('ai', 'w1'): 1, ('ai', 'w3'): 1}"
hk,AEOLUS ROBOTICS CORPORATION LTD,2,"{('ai', 'w1'): 2}"
hk,TFI DIGITAL MEDIA LTD,2,"{('ai', 'w3'): 1, ('fintech', 'w3'): 1}"
hk,MOFFETT TECH CO LIMITED,2,"{('ai', 'w3'): 2}"
hk,CREEDON TECH HK LIMITED,2,"{('ai', 'w3'): 2}"
hk,WAVETOUCH LTD,2,"{('ai', 'w3'): 2}"
hk,COMPUTIME LTD,2,"{('ai', 'w3'): 2}"
hk,UNITED MICROELECTRONICS CENTRE HONG KONG LTD,2,"{('ai', 'w3'): 2}"
hk,INNOSPIRE TECH LIMITED,2,"{('ai', 'w3'): 1, ('biomed', 'w3'): 1}"
hk,Fg innovation co ltd,2,"{('ai', 'w3'): 2}"
hk,ONANOFF LTD COMPANY,2,"{('ai', 'w3'): 1, ('fintech', 'w3'): 1}"
hk,DYNAMIC CENTURY HOLDINGS LTD,2,"{('ai', 'w3'): 1, ('biomed', 'w3'): 1}"
hk,PANOPTICAI LTD,2,"{('ai', 'w3'): 1, ('biomed', 'w3'): 1}"
hk,ALPHA AI TECH LIMITED,2,"{('ai', 'w3'): 1, ('fintech', 'w3'): 1}"
hk,HILLMING COMPANY LTD,2,"{('ai', 'w3'): 1, ('fintech', 'w3'): 1}"
hk,AGILIS ROBOTICS LTD,2,"{('ai', 'w3'): 1, ('biomed', 'w3'): 1}"
hk,DEEP TRANSLATE LTD,2,"{('ai', 'w3'): 1, ('fintech', 'w3'): 1}"
hk,LABORATORY OF DATA DISCOVERY FOR HEALTH LTD,2,"{('ai', 'w3'): 1, ('biomed', 'w3'): 1}"
hk,DIAGCOR BIOSCIENCE INC LTD,2,"{('biomed', 'w1'): 2}"
hk,Benir Baby LTD,2,"{('biomed', 'w1'): 2}"
hk,POWDER PHARMACEUTICALS INC,2,"{('biomed', 'w1'): 2}"
hk,BIO CANCER TREAT INTERNATIONAL LIMITED,2,"{('biomed', 'w1'): 1, ('biomed', 'w3'): 1}"
hk,LEAD BILLION LTD,2,"{('biomed', 'w1'): 1, ('biomed', 'w3'): 1}"
hk,HONG KONG PASSKEY IND CO LTD,2,"{('biomed', 'w1'): 2}"
hk,SINO INTERNATIONAL GROUP LTD,2,"{('biomed', 'w1'): 2}"
hk,PATHWAY PHARMACEUTICALS LTD,2,"{('biomed', 'w1'): 2}"
hk,ALAMAK BIOSCIENCES INCORPORATION COMPANY LTD,2,"{('biomed', 'w1'): 2}"
hk,EMV ENHANCE HK LTD,2,"{('biomed', 'w1'): 2}"
hk,VIRGILANT TECH LIMITED,2,"{('biomed', 'w1'): 2}"
hk,ACE COMMUNICATIONS LTD,2,"{('biomed', 'w1'): 2}"
hk,LITTLE NOBLEMAN TECH LIMITED,2,"{('biomed', 'w1'): 2}"
hk,WORLD WIDE DAILY HOLDINGS CO LTD,2,"{('biomed', 'w1'): 2}"
hk,WORLD WIDE STATIONERY MFG CO LTD,2,"{('biomed', 'w1'): 2}"
hk,ALBAUGH ASIA PACIFIC LTD,2,"{('biomed', 'w1'): 1, ('biomed', 'w3'): 1}"
hk,INNOTECH APPLIANCE LTD,2,"{('biomed', 'w1'): 2}"
hk,NEW LIFE MEDICINE TECH COMPANY LIMITED,2,"{('biomed', 'w1'): 2}"
hk,CONNECT BIOPHARMA HONGKONG LTD,2,"{('biomed', 'w1'): 1, ('biomed', 'w3'): 1}"
hk,SWISS SPA SYSTEM LTD,2,"{('biomed', 'w1'): 2}"
hk,TOMOIKE BIO LTD,2,"{('biomed', 'w1'): 2}"
hk,PINGSENSE TECH LIMITED,2,"{('biomed', 'w1'): 2}"
hk,AUSMED GLOBAL LTD,2,"{('biomed', 'w1'): 1, ('biomed', 'w3'): 1}"
hk,OD THERAPEUTICS LTD,2,"{('biomed', 'w3'): 2}"
hk,INGENIO TECH CO LIMITED,2,"{('biomed', 'w3'): 2}"
hk,PUZHEN LIFE CO LIMITED,2,"{('biomed', 'w3'): 2}"
hk,ORCHESTRALL HEALTHCARE LTD,2,"{('biomed', 'w3'): 1, ('fintech', 'w3'): 1}"
hk,Bloomy Lotus Ltd,2,"{('biomed', 'w3'): 2}"
hk,WORLD BIOTECH REGENERATIVE MEDICAL GROUP LTD,2,"{('biomed', 'w3'): 2}"
hk,BLUESAIL NEW VALVE TECH ASIA LTD,2,"{('biomed', 'w3'): 2}"
hk,ANGITIA BIOMEDICINES LTD,2,"{('biomed', 'w3'): 2}"
hk,HEMIX BIOTECH LTD,2,"{('biomed', 'w3'): 2}"
hk,INTELLIGENT HEALTHCARE TECH LIMITED,2,"{('biomed', 'w3'): 2}"
hk,ONEGLOBE HOLDINGS LTD,2,"{('biomed', 'w3'): 2}"
hk,SPEROGENIX THERAPEUTICS LTD,2,"{('biomed', 'w3'): 2}"
hk,APTACURE THERAPEUTICS LTD,2,"{('biomed', 'w3'): 2}"
hk,AVANT MEATS COMPANY LTD,2,"{('biomed', 'w3'): 2}"
hk,GREAT PACIFIC HOLDINGS LTD,2,"{('biomed', 'w3'): 2}"
hk,NANOMAB TECH LIMITED,2,"{('biomed', 'w3'): 2}"
hk,LABORATORY FOR SYNTHETIC CHEMISTRY AND CHEMICAL BIOLOGY LTD,2,"{('biomed', 'w3'): 2}"
hk,ARBELE LTD,2,"{('biomed', 'w3'): 2}"
hk,RHT LTD,2,"{('biomed', 'w3'): 2}"
hk,ASG INSPIRATION LABORATORY LTD,2,"{('biomed', 'w3'): 2}"
hk,GENSE TECH LIMITED,2,"{('biomed', 'w3'): 2}"
hk,THERAXYTE BIOSCIENCE HONG KONG LTD,2,"{('biomed', 'w3'): 2}"
hk,PROVIVA THERAPEUTICS HONG KONG LTD,2,"{('biomed', 'w3'): 2}"
hk,REESTAR INTERNATIONAL LTD,2,"{('biomed', 'w3'): 2}"
hk,ADVANCED BIOMEDICAL INSTRUMENTATION CENTRE LTD,2,"{('biomed', 'w3'): 2}"
hk,RINUAGENE INTERNATIONAL HK LTD,2,"{('biomed', 'w3'): 2}"
hk,FIFTH FORCE TECH LIMITED,2,"{('fintech', 'w3'): 2}"
hk,KOKIDO DEV LTD,1,"{('ai', 'w1'): 1}"
hk,C2 SYSTEMS LTD,1,"{('ai', 'w1'): 1}"
hk,U3D LTD,1,"{('ai', 'w1'): 1}"
hk,WELSKY TECH LIMITED,1,"{('ai', 'w1'): 1}"
hk,WELSKY TECH LTD,1,"{('ai', 'w1'): 1}"
hk,WELSKY TECHNOLOGIES LTD,1,"{('ai', 'w1'): 1}"
hk,THUNDER POWER NEW ENERGY VIHICLE DEV COMPANY LTD,1,"{('ai', 'w1'): 1}"
hk,THUNDER POWER NEW ENERGY VIHICLE DEVELOPMENT COMPANY LTD,1,"{('ai', 'w1'): 1}"
hk,ACHIEVER TECH LTD,1,"{('ai', 'w1'): 1}"
hk,GLOBAL DESIGN CORP LTD,1,"{('ai', 'w1'): 1}"
hk,CLEARONE COMMUNICATIONS HONG KONG LTD,1,"{('ai', 'w1'): 1}"
hk,M AND M TECH LIMITED,1,"{('ai', 'w1'): 1}"
hk,M AND M TECH LTD,1,"{('ai', 'w1'): 1}"
hk,ROBOTICS CLUB LTD,1,"{('ai', 'w1'): 1}"
hk,COMPASS TECH COMPANY LIMITED,1,"{('ai', 'w1'): 1}"
hk,COMPASS TECH COMPANY LTD,1,"{('ai', 'w1'): 1}"
hk,EDANZ GROUP LTD,1,"{('ai', 'w1'): 1}"
hk,SIREMIX GMBH,1,"{('ai', 'w1'): 1}"
hk,SOLARMAX PTE LTD,1,"{('ai', 'w1'): 1}"
hk,AZURE GAMING HONG KONG LTD,1,"{('ai', 'w1'): 1}"
hk,ANTS TECH (HK) LIMITED,1,"{('ai', 'w1'): 1}"
hk,ONEPERSONALIZATION LTD,1,"{('ai', 'w1'): 1}"
hk,THUNDER POWER NEW ENERGY VEHICLE DEVELOPMENT LTD,1,"{('ai', 'w1'): 1}"
hk,KIKA TECH (HK) HOLDINGS CO LIMITED,1,"{('ai', 'w1'): 1}"
hk,KIKA TECH HK HOLDINGS CO LIMITED,1,"{('ai', 'w1'): 1}"
hk,NEXWRITER LTD,1,"{('ai', 'w1'): 1}"
hk,KAMI INTELLIGENCE LTD,1,"{('ai', 'w1'): 1}"
hk,HONG KONG TELECOMMUNICATIONS HKT LTD,1,"{('ai', 'w1'): 1}"
hk,HONG KONG TELECOMMUNICATIONS HTK LTD,1,"{('ai', 'w1'): 1}"
hk,SUCCESS ASIA INC LTD,1,"{('ai', 'w1'): 1}"
hk,INFINITY CUBE LTD,1,"{('ai', 'w1'): 1}"
hk,INTELLIGENCE & PARTNER LTD,1,"{('ai', 'w1'): 1}"
hk,AUTHPAPER LTD,1,"{('ai', 'w1'): 1}"
hk,D2V LTD,1,"{('ai', 'w1'): 1}"
hk,GOOEE LTD,1,"{('ai', 'w1'): 1}"
hk,SMOOTHWEB TECH LTD,1,"{('ai', 'w1'): 1}"
hk,EWIG INDUSTRIES MACAO COMMERCIAL OFFSHORE LTD,1,"{('ai', 'w1'): 1}"
hk,TARGET INFORMATION COMPANY LTD,1,"{('ai', 'w3'): 1}"
hk,SMOOTHWEB TECH LIMITED,1,"{('ai', 'w3'): 1}"
hk,MOFFETT TECHNOLOGIES CO LIMITED,1,"{('ai', 'w3'): 1}"
hk,MINDS AI TECH LTD,1,"{('ai', 'w3'): 1}"
hk,MINDS AL TECH LTD,1,"{('ai', 'w3'): 1}"
hk,NEOMA LTD,1,"{('ai', 'w3'): 1}"
hk,GRACE AND KOWLOON HOLDINGS LTD,1,"{('ai', 'w3'): 1}"
hk,5GEN CARE LTD,1,"{('ai', 'w3'): 1}"
hk,VIRTUAL CONTROL LTD,1,"{('ai', 'w3'): 1}"
hk,SPLITMEDIALABS LTD,1,"{('ai', 'w3'): 1}"
hk,SMARTSENS TECH HK CO LTD,1,"{('ai', 'w3'): 1}"
hk,PONG YUEN HOLDINGS LTD,1,"{('ai', 'w3'): 1}"
hk,REMO HOLDINGS LTD,1,"{('ai', 'w3'): 1}"
hk,TUV SUD HONG KONG LTD,1,"{('ai', 'w3'): 1}"
hk,TENCENT MOBILITY LTD,1,"{('ai', 'w3'): 1}"
hk,DIGITAL DOMAIN ENTERPRISES GROUP LTD,1,"{('ai', 'w3'): 1}"
hk,ST MICROELECTRONICS LTD,1,"{('ai', 'w3'): 1}"
hk,FARM LOCALLY LTD,1,"{('ai', 'w3'): 1}"
hk,EXPERT AI ENABLING LTD,1,"{('ai', 'w3'): 1}"
hk,HONG KONG HAICUN TECH CO LIMITED,1,"{('ai', 'w3'): 1}"
hk,ZYETRIC TECH LIMITED,1,"{('ai', 'w3'): 1}"
hk,CLEAR ROBOTICS LTD,1,"{('ai', 'w3'): 1}"
hk,EC COUNCIL INTERNATIONAL LTD,1,"{('ai', 'w3'): 1}"
hk,LONBLE ACUTREK LTD,1,"{('ai', 'w3'): 1}"
hk,INNOCORN TECH LIMITED,1,"{('ai', 'w3'): 1}"
hk,NEUFAST LTD,1,"{('ai', 'w3'): 1}"
hk,INTERNET INVESTMENTS GROUP LTD,1,"{('ai', 'w3'): 1}"
hk,URBANCHAIN GROUP LTD,1,"{('ai', 'w3'): 1}"
hk,AUTOMATED MACHINE LEARNING LTD,1,"{('ai', 'w3'): 1}"
hk,YOUNG’S ENG CO LTD,1,"{('ai', 'w3'): 1}"
hk,CSC ROBOTIC ENGINEERING LTD,1,"{('ai', 'w3'): 1}"
hk,AUKI MATTERLESS LTD,1,"{('ai', 'w3'): 1}"
hk,LEAPXPERT LTD,1,"{('ai', 'w3'): 1}"
hk,PHOMEDICS LTD,1,"{('ai', 'w3'): 1}"
hk,FIRST GAIN INT LTD,1,"{('biomed', 'w1'): 1}"
hk,ROTAM AGROCHEM INTERNAT CO,1,"{('biomed', 'w1'): 1}"
hk,MEDISEN LTD,1,"{('biomed', 'w1'): 1}"
hk,FORSTAR LTD,1,"{('biomed', 'w1'): 1}"
hk,PSC COSMETICS LTD,1,"{('biomed', 'w1'): 1}"
hk,BINATONE ELECTRONICS INTERNATIONAL LTD,1,"{('biomed', 'w1'): 1}"
hk,SINGLE PERSON TRANSP DESIGN (SPTD) LTD,1,"{('biomed', 'w1'): 1}"
hk,SINGLE PERSON TRANSP DESIGN SPTD LTD,1,"{('biomed', 'w1'): 1}"
hk,APPLIED BIOPHOTONICS LTD,1,"{('biomed', 'w1'): 1}"
hk,FRUIT INNOVATIONS LTD,1,"{('biomed', 'w1'): 1}"
hk,EASTERN VISION LTD,1,"{('biomed', 'w1'): 1}"
hk,SCHOOL OF GROWTH LTD,1,"{('biomed', 'w1'): 1}"
hk,WEX MEDICAL LTD,1,"{('biomed', 'w1'): 1}"
hk,JOINT CONCEPT (HONG KONG) LTD,1,"{('biomed', 'w1'): 1}"
hk,PETROLEUM 2 0 LTD,1,"{('biomed', 'w1'): 1}"
hk,BIO MEDICAL ENG HK LTD,1,"{('biomed', 'w1'): 1}"
hk,BIO CANCER TREATMENT INT LTD,1,"{('biomed', 'w1'): 1}"
hk,BIO-CANCER TREAT INT LTD,1,"{('biomed', 'w1'): 1}"
hk,BIO-CANCER TREAT INTERNATIONAL LIMITED,1,"{('biomed', 'w1'): 1}"
hk,REGINA MIRACLE INTERNAT GROUP LTD,1,"{('biomed', 'w1'): 1}"
hk,REGINA MIRACLE INTERNATIONAL GROUP LTD,1,"{('biomed', 'w1'): 1}"
hk,CHEER GLOBAL LTD,1,"{('biomed', 'w1'): 1}"
hk,EAST PACIFIC IND LTD,1,"{('biomed', 'w1'): 1}"
hk,NAL PHARMACEUTICALS GROUP LTD,1,"{('biomed', 'w1'): 1}"
hk,SBC VIRBAC LTD,1,"{('biomed', 'w1'): 1}"
hk,US PACIFIC NONWOVENS INDUSTRY LTD,1,"{('biomed', 'w1'): 1}"
hk,PINE MEDICAL LTD,1,"{('biomed', 'w1'): 1}"
hk,POWDER PHARMACEUTICALS INCORPORATED,1,"{('biomed', 'w1'): 1}"
hk,JOINT CONCEPT HONG KONG LTD,1,"{('biomed', 'w1'): 1}"
hk,WMT ASIA LTD,1,"{('biomed', 'w1'): 1}"
hk,SEALAND HOLDINGS CO LTD,1,"{('biomed', 'w1'): 1}"
hk,MYOVOLT LTD,1,"{('biomed', 'w1'): 1}"
hk,SINO INTERNAT GROUP LTD,1,"{('biomed', 'w1'): 1}"
hk,ADVANCE ELECTRONIC AND MEDICAL IND COMPANY LTD,1,"{('biomed', 'w1'): 1}"
hk,ADVANCE ELECTRONIC AND MEDICAL INDUSTRIES COMPANY LTD,1,"{('biomed', 'w1'): 1}"
hk,ID INFINITY LTD,1,"{('biomed', 'w1'): 1}"
hk,A & B HK COMPANY LTD,1,"{('biomed', 'w1'): 1}"
hk,GAMOLIN LTD,1,"{('biomed', 'w1'): 1}"
hk,CENTURY INT ENTPR LTD,1,"{('biomed', 'w1'): 1}"
hk,CENTURY INTERNATIONAL ENTERPRISES LTD,1,"{('biomed', 'w1'): 1}"
hk,HAI KANG LIFE CORP LTD,1,"{('biomed', 'w1'): 1}"
hk,HAI KANG LIFE CORPORATION LTD,1,"{('biomed', 'w1'): 1}"
hk,DERMACLIP HONGKONG LTD,1,"{('biomed', 'w1'): 1}"
hk,Lomak Industrial Company Ltd,1,"{('biomed', 'w1'): 1}"
hk,OSPICON COMPANY LTD,1,"{('biomed', 'w1'): 1}"
hk,AQUAMED LTD,1,"{('biomed', 'w1'): 1}"
hk,CIRQ TECH LIMITED,1,"{('biomed', 'w1'): 1}"
hk,WORLD WIDE STATIONERY MFG CO,1,"{('biomed', 'w1'): 1}"
hk,CONVERGENCE SYSTEMS LTD,1,"{('biomed', 'w1'): 1}"
hk,ASIA PACIFIC MEDICAL TECH DEVELOPMENT COMPAN Y LTD,1,"{('biomed', 'w1'): 1}"
hk,BLUE MEDICAL INNOVATION LTD,1,"{('biomed', 'w1'): 1}"
hk,OUTSTANDING HEALTHCARE COMPANY LTD,1,"{('biomed', 'w1'): 1}"
hk,INTELLECTUAL PROPERTY WHOLLY OWNED CO LTD,1,"{('biomed', 'w1'): 1}"
hk,NICK WANG TECH LTD,1,"{('biomed', 'w1'): 1}"
hk,NICK WANG TECHNOLOGY LTD,1,"{('biomed', 'w1'): 1}"
hk,MAXINASE LIFE SCIENCES LTD,1,"{('biomed', 'w1'): 1}"
hk,BRIDEA IP LTD,1,"{('biomed', 'w1'): 1}"
hk,KEI INTERNATIONAL LTD,1,"{('biomed', 'w1'): 1}"
hk,KEI INTERNATIONAL LTD A CHINESE COMPANY,1,"{('biomed', 'w1'): 1}"
hk,TOMORROWS IP LTD,1,"{('biomed', 'w1'): 1}"
hk,TOMORROWS IP LTD A CHINESE COMPANY,1,"{('biomed', 'w1'): 1}"
hk,AVALON BIOLOGICS LTD,1,"{('biomed', 'w1'): 1}"
hk,NANSHA BIOLOGICS HONG KONG LTD,1,"{('biomed', 'w1'): 1}"
hk,NANSHA BIOLOGIES HONG KONG LTD,1,"{('biomed', 'w1'): 1}"
hk,EMERGING VIRAL THRAPEUTICS LTD,1,"{('biomed', 'w1'): 1}"
hk,SENTRIX TECH LTD,1,"{('biomed', 'w1'): 1}"
hk,PACIFIC ARROW LTD,1,"{('biomed', 'w1'): 1}"
hk,DRAGON VICTORY DEV LTD,1,"{('biomed', 'w1'): 1}"
hk,SOL MILLENNIUM MEDICAL HK LTD,1,"{('biomed', 'w1'): 1}"
hk,SOL-MILLENNIUM MEDICAL HK LTD,1,"{('biomed', 'w1'): 1}"
hk,MERCURY INNOVATIONS LTD,1,"{('biomed', 'w1'): 1}"
hk,HONG KONG FORTUNE TECH LTD,1,"{('biomed', 'w1'): 1}"
hk,EMERGING VIRAL DIAGNOSTICS LTD,1,"{('biomed', 'w1'): 1}"
hk,EMV MERS HK LTD,1,"{('biomed', 'w1'): 1}"
hk,CANADIAN CHIROPRACTIC CENTRE LTD,1,"{('biomed', 'w1'): 1}"
hk,ZHONGJI HENGRUN INT HOLDINGS LTD,1,"{('biomed', 'w1'): 1}"
hk,ONEDASH LTD,1,"{('biomed', 'w1'): 1}"
hk,HOMETEK INT LTD,1,"{('biomed', 'w1'): 1}"
hk,PROVENTURE (FAR EAST) LTD,1,"{('biomed', 'w1'): 1}"
hk,IMMORTAL SPIRIT LTD,1,"{('biomed', 'w1'): 1}"
hk,WELLS RESOURCES LTD,1,"{('biomed', 'w1'): 1}"
hk,TSALYS LTD,1,"{('biomed', 'w1'): 1}"
hk,SILICAMED LTD,1,"{('biomed', 'w1'): 1}"
hk,ATHENEX THERAPEUTICS LTD,1,"{('biomed', 'w1'): 1}"
hk,COHERENT BIOPHARMA I LTD,1,"{('biomed', 'w1'): 1}"
hk,IGGENE LTD,1,"{('biomed', 'w1'): 1}"
hk,ATHENEX HK INNOVATIVE LTD,1,"{('biomed', 'w1'): 1}"
hk,LIANKANG TECH LIMITED,1,"{('biomed', 'w1'): 1}"
hk,NANO SCIENCES LTD,1,"{('biomed', 'w1'): 1}"
hk,SCION LTD MEDICAL,1,"{('biomed', 'w1'): 1}"
hk,MICRO RESOURCES LTD,1,"{('biomed', 'w1'): 1}"
hk,AGILITECH LTD,1,"{('biomed', 'w1'): 1}"
hk,ACTIVWELL LTD,1,"{('biomed', 'w1'): 1}"
hk,CREATION PLUS BIOTECHNOLOGY CO LTD,1,"{('biomed', 'w1'): 1}"
hk,INFAGEN HONG KONG LTD,1,"{('biomed', 'w1'): 1}"
hk,LOMACK IND CO LTD,1,"{('biomed', 'w1'): 1}"
hk,JINGANG MEDICINE AUSTRALIA PTY LTD,1,"{('biomed', 'w1'): 1}"
hk,LITTLE NOBLEMAN TECH LTD,1,"{('biomed', 'w1'): 1}"
hk,NANTIN ENTERPRISE LTD,1,"{('biomed', 'w1'): 1}"
hk,INTERACTIVE HOLDINGS LTD,1,"{('biomed', 'w1'): 1}"
hk,LIFENG TECH LIMITED,1,"{('biomed', 'w1'): 1}"
hk,LIFENG TECH LTD,1,"{('biomed', 'w1'): 1}"
hk,VORNAGAIN LTD,1,"{('biomed', 'w1'): 1}"
hk,BESTOP GROUP HOLDINGS LTD,1,"{('biomed', 'w1'): 1}"
hk,REGINA MIRACLE INT (GROUP) LTD,1,"{('biomed', 'w1'): 1}"
hk,RACEFIT INT COMPANY LTD,1,"{('biomed', 'w1'): 1}"
hk,RACEFIT INTERNATIONAL COMPANY LTD,1,"{('biomed', 'w1'): 1}"
hk,HARRIA INVEST GROUP INC,1,"{('biomed', 'w1'): 1}"
hk,ITABMED HK LTD,1,"{('biomed', 'w1'): 1}"
hk,JACOBSON RES LABORTORY LIMITED,1,"{('biomed', 'w1'): 1}"
hk,TMB LABS LTD,1,"{('biomed', 'w1'): 1}"
hk,Z5 GLOBAL GROUP LTD,1,"{('biomed', 'w1'): 1}"
hk,SONIKURE HOLDINGS LTD,1,"{('biomed', 'w1'): 1}"
hk,COOLING ELECTRONICS CO LTD,1,"{('biomed', 'w1'): 1}"
hk,VITARGENT (INTERNATIONAL) BIOTECHNOLOGY LTD,1,"{('biomed', 'w1'): 1}"
hk,VITARGENT INTERNATIONAL BIOTECHNOLOGY LTD,1,"{('biomed', 'w1'): 1}"
hk,FOREVER CHEER HOLDING LTD,1,"{('biomed', 'w1'): 1}"
hk,FOREVER CHEER INTERNATIONAL LTD,1,"{('biomed', 'w1'): 1}"
hk,YINGXIUKE LTD,1,"{('biomed', 'w1'): 1}"
hk,INNOVATIVE PREC INSTRUMENTS LIMITED,1,"{('biomed', 'w1'): 1}"
hk,SYMPHONY HOLDINGS LTD,1,"{('biomed', 'w1'): 1}"
hk,ADVANTEK SERUM LABORATORIES LTD,1,"{('biomed', 'w1'): 1}"
hk,BELUN TECH COMPANY LIMITED,1,"{('biomed', 'w1'): 1}"
hk,PERECT VISION TECH HK LTD,1,"{('biomed', 'w1'): 1}"
hk,EMERGING VIRAL DIAGNOSTICS HK LTD,1,"{('biomed', 'w1'): 1}"
hk,TENACIA BIOTECHNOLOGY HONG KONG CO LIMITED,1,"{('biomed', 'w1'): 1}"
hk,LIHEALTH LTD,1,"{('biomed', 'w1'): 1}"
hk,AMORV IP COMPANY LTD,1,"{('biomed', 'w1'): 1}"
hk,KOLN 3D TECH MEDICAL LIMITED,1,"{('biomed', 'w1'): 1}"
hk,CM HK LTD,1,"{('biomed', 'w1'): 1}"
hk,I MAB BIOPHARMA HONG KONG LTD,1,"{('biomed', 'w1'): 1}"
hk,EV71 HK LTD,1,"{('biomed', 'w1'): 1}"
hk,AVALON BONE SUPPLEMENT HK LTD,1,"{('biomed', 'w1'): 1}"
hk,POLY TECH SERVICES LTD,1,"{('biomed', 'w1'): 1}"
hk,SUN LUEN ELECTRICAL MFG CO LTD,1,"{('biomed', 'w1'): 1}"
hk,JACOBSON RES LABORATORY LIMITED,1,"{('biomed', 'w1'): 1}"
hk,JBM RES LABORATORY LIMITED,1,"{('biomed', 'w1'): 1}"
hk,REBIO TECH LIMITED,1,"{('biomed', 'w1'): 1}"
hk,AVALON SPINECARE HK LTD,1,"{('biomed', 'w1'): 1}"
hk,DAYTON TECH LIMITED,1,"{('biomed', 'w1'): 1}"
hk,VINCENT YUVAL R&D LTD,1,"{('biomed', 'w1'): 1}"
hk,NUTRITION SCIENCE PARTNERS LTD,1,"{('biomed', 'w1'): 1}"
hk,VICWOOD PROSPERITY TECH LIMITED,1,"{('biomed', 'w1'): 1}"
hk,EPONA BIOTEC LTD,1,"{('biomed', 'w1'): 1}"
hk,GROKING LAB LTD,1,"{('biomed', 'w1'): 1}"
hk,ZOLTRIX MAT INTERNATIONAL LIMITED,1,"{('biomed', 'w3'): 1}"
hk,PERDAYS HEALTH FUNCTION FOOD CO LIMITED,1,"{('biomed', 'w3'): 1}"
hk,DIGILOCK ASIA LTD,1,"{('biomed', 'w3'): 1}"
hk,SKY PERFECT INTERNATIONAL LTD,1,"{('biomed', 'w3'): 1}"
hk,EVISION TECH LIMITED,1,"{('biomed', 'w3'): 1}"
hk,VJ ELECTRONICS LTD,1,"{('biomed', 'w3'): 1}"
hk,BRIGHT CLINICAL RES LIMITED,1,"{('biomed', 'w3'): 1}"
hk,BRIGHT CLINICAL RES LTD,1,"{('biomed', 'w3'): 1}"
hk,MIOS PHARMACEUTICALS LTD,1,"{('biomed', 'w3'): 1}"
hk,EUBULUS BIOTHERAPEUTICS HONG KONG LTD,1,"{('biomed', 'w3'): 1}"
hk,CELLULAR BIOMEDICINE GROUP HK LTD,1,"{('biomed', 'w3'): 1}"
hk,MEDAIR LTD,1,"{('biomed', 'w3'): 1}"
hk,SOULNANO LTD,1,"{('biomed', 'w3'): 1}"
hk,GA HEALTH COMPANY LTD,1,"{('biomed', 'w3'): 1}"
hk,AVALON HEPAPOC LTD,1,"{('biomed', 'w3'): 1}"
hk,HONG KONG IVPS INTERNATIONAL LTD,1,"{('biomed', 'w3'): 1}"
hk,HONG KONG KING FRIEND INDUSTRIAL COMPANY LTD,1,"{('biomed', 'w3'): 1}"
hk,APRINOIA THERAPEUTICS LTD,1,"{('biomed', 'w3'): 1}"
hk,TOMOPHASE LTD,1,"{('biomed', 'w3'): 1}"
hk,ZHAOTAI IMMUGENE BIOMEDICINE HONG KONG LTD,1,"{('biomed', 'w3'): 1}"
hk,SPEADTECH LTD,1,"{('biomed', 'w3'): 1}"
hk,BRIGHT KINGDOM GLOBAL SOURCING LTD,1,"{('biomed', 'w3'): 1}"
hk,LIFESPANS LTD,1,"{('biomed', 'w3'): 1}"
hk,SMART CHIP MICROELECTRONIC CO LTD,1,"{('biomed', 'w3'): 1}"
hk,GOVITA TECH LTD,1,"{('biomed', 'w3'): 1}"
hk,AVALON BIOMEDICAL MAN LIMITED,1,"{('biomed', 'w3'): 1}"
hk,ENTEROMED LTD,1,"{('biomed', 'w3'): 1}"
hk,WATERCARE TECH LIMITED,1,"{('biomed', 'w3'): 1}"
hk,HONG KONG GREEN DREAMER TECH LIMITED,1,"{('biomed', 'w3'): 1}"
hk,MERIDIAN INNOVATION LTD HONG KONG,1,"{('biomed', 'w3'): 1}"
hk,THINKIN MAN LIMITED,1,"{('biomed', 'w3'): 1}"
hk,EPIMAD BIOTHERAPEUTICS HK LTD,1,"{('biomed', 'w3'): 1}"
hk,HAYCO MANFACTURING LTD,1,"{('biomed', 'w3'): 1}"
hk,HAYCO MFG LIMITED,1,"{('biomed', 'w3'): 1}"
hk,HAYCO MFG LTD,1,"{('biomed', 'w3'): 1}"
hk,NEW PORTAL LTD,1,"{('biomed', 'w3'): 1}"
hk,NATUR TECH PHARMACAL CO LTD,1,"{('biomed', 'w3'): 1}"
hk,FLAT PLANET LTD,1,"{('biomed', 'w3'): 1}"
hk,ALEPHOSON BIOPHARMACEUTICALS LTD,1,"{('biomed', 'w3'): 1}"
hk,C MER RAINSOPTICS LTD,1,"{('biomed', 'w3'): 1}"
hk,GT APEIRON THERAPEUTICS LTD,1,"{('biomed', 'w3'): 1}"
hk,FRESENIUS MEDICAL CARE ASIA PACIFIC LTD,1,"{('biomed', 'w3'): 1}"
hk,CENTRAL VICTORY LTD HK,1,"{('biomed', 'w3'): 1}"
hk,CASTARALO LTD,1,"{('biomed', 'w3'): 1}"
hk,VIVA STAR BIOSCIENCES LTD,1,"{('biomed', 'w3'): 1}"
hk,ACTYWELL DIGITAL LTD,1,"{('biomed', 'w3'): 1}"
hk,SUPER RICH MOULDERS LTD,1,"{('biomed', 'w3'): 1}"
hk,INNONEURO LTD,1,"{('biomed', 'w3'): 1}"
hk,HK LIGHT FERRY BIOMED LTD,1,"{('biomed', 'w3'): 1}"
hk,PURECODON HONGKONG BIOPHARMA LTD,1,"{('biomed', 'w3'): 1}"
hk,ARCTIC OCEAN TINORE TRADE CO LTD,1,"{('biomed', 'w3'): 1}"
hk,HONG KONG OCCUPATIONAL THERAPY ASSOCIATION LTD,1,"{('biomed', 'w3'): 1}"
hk,SUPER GAINER INVESTMENT LTD,1,"{('biomed', 'w3'): 1}"
hk,HENDERSON REAL ESTATE AGENCY LTD,1,"{('biomed', 'w3'): 1}"
hk,OVE ARUP & PARTNERS HONG KONG LTD,1,"{('biomed', 'w3'): 1}"
hk,BILLION KING INTERNATIONAL LTD,1,"{('biomed', 'w3'): 1}"
hk,BELUN TECH IP COMPANY LIMITED,1,"{('biomed', 'w3'): 1}"
hk,6J BIOTECHNOLOGY HONG KONG LTD,1,"{('biomed', 'w3'): 1}"
hk,CANWELL BIOTECH LTD,1,"{('biomed', 'w3'): 1}"
hk,BETAGEN SCIENT LIMITED,1,"{('biomed', 'w3'): 1}"
hk,HEALTH AND HAPPINESS H&H HONG KONG LTD,1,"{('biomed', 'w3'): 1}"
hk,DECODE CURE LTD,1,"{('biomed', 'w3'): 1}"
hk,SML MED TECH SOLUTIONS LTD,1,"{('biomed', 'w3'): 1}"
hk,APPICINE THERAPEUTICS HK LTD,1,"{('biomed', 'w3'): 1}"
hk,SOURCE OF LIFE BIOTECHNOLOGY COMPANY LTD,1,"{('biomed', 'w3'): 1}"
hk,FUSE BIOSCIENCES HONG KONG LTD,1,"{('biomed', 'w3'): 1}"
hk,MONONUCLEAR THERAPEUTICS LTD,1,"{('biomed', 'w3'): 1}"
hk,INSPIRAR LTD,1,"{('biomed', 'w3'): 1}"
hk,CONTIN TECH LIMITED,1,"{('biomed', 'w3'): 1}"
hk,STAR BRIGHT BIO TECH LTD,1,"{('biomed', 'w3'): 1}"
hk,ZODIAC BIO TECH LTD,1,"{('biomed', 'w3'): 1}"
hk,SYNGULAR TECH LIMITED,1,"{('biomed', 'w3'): 1}"
hk,DREAMTEC INTELLECTUAL PROPERTY LTD,1,"{('biomed', 'w3'): 1}"
hk,AP INFOSENSE LTD,1,"{('biomed', 'w3'): 1}"
hk,BIRDIE BIOPHARMACEUTICALS INC,1,"{('biomed', 'w3'): 1}"
hk,ALEBUND PHARMACEUTICALS HONG KONG LTD,1,"{('biomed', 'w3'): 1}"
hk,PULMONGENE HONG KONG CO LTD,1,"{('biomed', 'w3'): 1}"
hk,HUNG HON INDUSTRIAL COMPANY LTD,1,"{('biomed', 'w3'): 1}"
hk,HONG KONG MORNING STAR INTERNATIONAL HOLDING LTD,1,"{('biomed', 'w3'): 1}"
hk,SINDBAD GROUP LTD,1,"{('biomed', 'w3'): 1}"
hk,TIBERIAS TECH HK LIMITED,1,"{('biomed', 'w3'): 1}"
hk,AI GUIDED LTD,1,"{('biomed', 'w3'): 1}"
hk,VINCENT MEDICAL MANUFACTUING CO LTD,1,"{('biomed', 'w3'): 1}"
hk,HIGH DEVELOPMENT LTD,1,"{('biomed', 'w3'): 1}"
hk,LAEKNA LTD,1,"{('biomed', 'w3'): 1}"
hk,INDHOUSE LTD,1,"{('biomed', 'w3'): 1}"
hk,PENTIDE THERAPEUTICS LTD,1,"{('biomed', 'w3'): 1}"
hk,RONA BIOSCIENCE LIMITED,1,"{('biomed', 'w3'): 1}"
hk,GEB IMPACT TECH COMPANY LIMITED,1,"{('biomed', 'w3'): 1}"
hk,AI MNEMONIC LTD,1,"{('biomed', 'w3'): 1}"
hk,ASIAN PRIME SOURCES LTD,1,"{('biomed', 'w3'): 1}"
hk,PHASE SCIENTIFIC INTERNATIONAL LTD,1,"{('biomed', 'w3'): 1}"
hk,GERMANY HEALMUSZ INTERNATIONAL CO LTD,1,"{('biomed', 'w3'): 1}"
hk,SOUTH KING HEALTH LTD,1,"{('biomed', 'w3'): 1}"
hk,MOEXA PHARMACEUTICALS LTD,1,"{('biomed', 'w3'): 1}"
hk,ENDOWAYS HONG KONG MEDICAL CO LTD,1,"{('biomed', 'w3'): 1}"
hk,SMARTWAVE MEDICAL HK LTD,1,"{('biomed', 'w3'): 1}"
hk,BING BIOTECH LTD,1,"{('biomed', 'w3'): 1}"
hk,VK Meditech Co Ltd,1,"{('biomed', 'w3'): 1}"
hk,SANMA ELETRON HONG KONG APPLIANCE COMPANY LTD,1,"{('biomed', 'w3'): 1}"
hk,VELLPHARM COMPANY LTD,1,"{('biomed', 'w3'): 1}"
hk,GMP BIOTECHNOLOGY LTD,1,"{('biomed', 'w3'): 1}"
hk,TCRCURE HONG KONG LTD,1,"{('biomed', 'w3'): 1}"
hk,SPH BIOTHERAPEUTICS HK LTD,1,"{('biomed', 'w3'): 1}"
hk,FRESH ON LTD,1,"{('biomed', 'w3'): 1}"
hk,HCT GROUP HOLDINGS LTD,1,"{('fintech', 'w1'): 1}"
hk,POWA TECHNOLOGIES HONG KONG LTD,1,"{('fintech', 'w1'): 1}"
hk,365 TECH HOLDING LIMITED,1,"{('fintech', 'w1'): 1}"
hk,365 TECH HOLDING LTD,1,"{('fintech', 'w1'): 1}"
hk,365 TECHNOLOGIES HOLDING LTD,1,"{('fintech', 'w1'): 1}"
hk,MAST IND (FAR EAST) LTD,1,"{('fintech', 'w1'): 1}"
hk,KISSCO MARKETING SERVICES LTD,1,"{('fintech', 'w1'): 1}"
hk,IPROPHET TECHNOLOGY LTD,1,"{('fintech', 'w1'): 1}"
hk,BOSANY ENV LTD,1,"{('fintech', 'w1'): 1}"
hk,KINGWELCH LTD,1,"{('fintech', 'w1'): 1}"
hk,FRESH IDEA GLOBAL LTD,1,"{('fintech', 'w1'): 1}"
hk,GOLDBOX TECH LTD,1,"{('fintech', 'w1'): 1}"
hk,INFO WISE LTD,1,"{('fintech', 'w1'): 1}"
hk,PAPERFLY LTD,1,"{('fintech', 'w1'): 1}"
hk,TOP VICTORY INVEST LTD,1,"{('fintech', 'w1'): 1}"
hk,CAFE X TECH LTD,1,"{('fintech', 'w1'): 1}"
hk,FUND ROOTS SOFTWARE CREATIVE LTD,1,"{('fintech', 'w1'): 1}"
hk,CHI X ASIA PACIFIC HOLDINGS LTD,1,"{('fintech', 'w1'): 1}"
hk,UNIWAY TECH LTD,1,"{('fintech', 'w1'): 1}"
hk,SIMSEC HONG KONG LTD,1,"{('fintech', 'w1'): 1}"
hk,RSP INFORMATION SERVICE COMPANY LTD,1,"{('fintech', 'w1'): 1}"
hk,CLEVER MOTION TECH LIMITED,1,"{('fintech', 'w1'): 1}"
hk,CLEVER MOTION TECH LTD,1,"{('fintech', 'w1'): 1}"
hk,N K S F STAR LTD,1,"{('fintech', 'w1'): 1}"
hk,N K S F STAR LTD NKSF,1,"{('fintech', 'w1'): 1}"
hk,NKSF STAR LTD,1,"{('fintech', 'w1'): 1}"
hk,ISUNCLOUD LTD,1,"{('fintech', 'w1'): 1}"
hk,TIDETIME SUN LTD,1,"{('fintech', 'w1'): 1}"
hk,NERDIO LTD,1,"{('fintech', 'w1'): 1}"
hk,PRIVE SERVICES LTD,1,"{('fintech', 'w1'): 1}"
hk,BLOCKPASS IDN LTD,1,"{('fintech', 'w1'): 1}"
hk,TRANWALL HOLDINGS LTD C/O CHANG LEUNG HUI & LI CPA LTD,1,"{('fintech', 'w1'): 1}"
hk,QALQON LTD,1,"{('fintech', 'w3'): 1}"
hk,ICALC HOLDINGS LTD,1,"{('fintech', 'w3'): 1}"
hk,EBATTE HOLDINGS LTD,1,"{('fintech', 'w3'): 1}"
hk,ROEKETBC LTD,1,"{('fintech', 'w3'): 1}"
hk,TECTONIC TECH INNOVATION COMPANY LIMITED,1,"{('fintech', 'w3'): 1}"
hk,GLOBAL TAX REFUND HOLDINGS COMPANY LTD,1,"{('fintech', 'w3'): 1}"
hk,MEDICONCEN LTD,1,"{('fintech', 'w3'): 1}"
hk,IX ASIA LTD,1,"{('fintech', 'w3'): 1}"
hk,MAICAPITAL LTD,1,"{('fintech', 'w3'): 1}"
hk,IFREE GROUP HK LTD,1,"{('fintech', 'w3'): 1}"
hk,COVERGO LTD,1,"{('fintech', 'w3'): 1}"
hk,HONG KONG INTELLECTUAL PROPERTY EXCHANGE LTD,1,"{('fintech', 'w3'): 1}"
hk,BANDBERRY LTD,1,"{('fintech', 'w3'): 1}"
hk,DOLA TECH LIMITED,1,"{('fintech', 'w3'): 1}"
hk,SHOALTER AUTOMATION LTD,1,"{('fintech', 'w3'): 1}"
hk,ONANOFF LIMITE COMPANY LTD,1,"{('fintech', 'w3'): 1}"
hk,DIGITAL TOOLS COMPANY LTD,1,"{('fintech', 'w3'): 1}"
sg,LENOVO SINGAPORE PTE LTD,305,"{('ai', 'w1'): 146, ('ai', 'w3'): 132, ('biomed', 'w1'): 4, ('biomed', 'w3'): 10, ('fintech', 'w1'): 5, ('fintech', 'w3'): 8}"
sg,SMITH & NEPHEW ASIA PACIFIC PTE LTD,228,"{('ai', 'w3'): 19, ('biomed', 'w1'): 4, ('biomed', 'w3'): 205}"
sg,SENSETIME INT PTE LTD,143,"{('ai', 'w3'): 142, ('fintech', 'w3'): 1}"
sg,MASTERCARD ASIA PACIFIC PTE LTD,131,"{('ai', 'w1'): 9, ('ai', 'w3'): 1, ('fintech', 'w1'): 105, ('fintech', 'w3'): 16}"
sg,LEMON INC,129,"{('ai', 'w3'): 128, ('fintech', 'w3'): 1}"
sg,LEICA INSTR SINGAPORE PTE LTD,91,"{('ai', 'w1'): 1, ('ai', 'w3'): 13, ('biomed', 'w1'): 19, ('biomed', 'w3'): 58}"
sg,SIVANTOS PTE LTD,69,"{('ai', 'w1'): 19, ('ai', 'w3'): 15, ('biomed', 'w1'): 9, ('biomed', 'w3'): 26}"
sg,BIGO TECH PTE LTD,57,"{('ai', 'w3'): 56, ('fintech', 'w3'): 1}"
sg,ANX IP HOLDING PTE LTD,55,"{('ai', 'w3'): 9, ('biomed', 'w1'): 4, ('biomed', 'w3'): 42}"
sg,HYTTO PTE LTD,55,"{('ai', 'w3'): 6, ('biomed', 'w3'): 44, ('fintech', 'w3'): 5}"
sg,GRABTAXI HOLDINGS PTE LTD,51,"{('ai', 'w3'): 44, ('biomed', 'w3'): 1, ('fintech', 'w3'): 6}"
sg,ResMed Asia Pte Ltd,39,"{('ai', 'w3'): 2, ('biomed', 'w3'): 37}"
sg,WAVE LIFE SCIENCES LTD,33,"{('biomed', 'w1'): 13, ('biomed', 'w3'): 20}"
sg,MARVELL ASIA PTE LTD,29,"{('ai', 'w1'): 5, ('ai', 'w3'): 21, ('fintech', 'w3'): 3}"
sg,HILL ROM SERVICES PTE LTD,28,"{('ai', 'w3'): 2, ('biomed', 'w1'): 10, ('biomed', 'w3'): 16}"
sg,HCP HEALTHCARE ASIA PTE LTD,27,"{('ai', 'w1'): 1, ('biomed', 'w1'): 26}"
sg,ILLUMINA SINGAPORE PTE LTD,26,"{('biomed', 'w1'): 4, ('biomed', 'w3'): 22}"
sg,AVAGO TECH INT SALES PTE LID,25,"{('ai', 'w1'): 3, ('ai', 'w3'): 18, ('biomed', 'w1'): 1, ('fintech', 'w1'): 3}"
sg,MEDIATEK SINGAPORE PTE LTD,24,"{('ai', 'w1'): 5, ('ai', 'w3'): 19}"
sg,RAKUTEN SYMPHONY SINGAPORE PTE LTD,24,"{('ai', 'w3'): 12, ('fintech', 'w3'): 12}"
sg,WISTA LAB LTD,24,"{('ai', 'w3'): 2, ('biomed', 'w1'): 12, ('biomed', 'w3'): 10}"
sg,DH TECHNOLOGIES DEV PTE LTD,23,"{('ai', 'w1'): 1, ('ai', 'w3'): 7, ('biomed', 'w1'): 5, ('biomed', 'w3'): 10}"
sg,ASLAN PHARMACEUTICALS PTE LTD,23,"{('biomed', 'w1'): 4, ('biomed', 'w3'): 19}"
sg,DELTA ELECTRONICS INTL SINGAPORE PTE LTD,21,"{('ai', 'w3'): 4, ('biomed', 'w1'): 9, ('biomed', 'w3'): 8}"
sg,LENOVO ENTPR SOLUTIONS SINGAPORE PTE LTD,20,"{('ai', 'w1'): 11, ('ai', 'w3'): 5, ('biomed', 'w1'): 1, ('fintech', 'w1'): 1, ('fintech', 'w3'): 2}"
sg,HUIDAGENE THERAPEUTICS SINGAPORE PTE LTD,17,"{('biomed', 'w3'): 17}"
sg,OXTI PTE LTD,16,"{('ai', 'w3'): 2, ('biomed', 'w3'): 14}"
sg,AVAGO TECHNOLOGIES GENERAL IP,14,"{('ai', 'w1'): 11, ('biomed', 'w1'): 2, ('fintech', 'w1'): 1}"
sg,SUNIA PTE LTD,14,"{('ai', 'w3'): 14}"
sg,CLOUD NETWORK TECH SINGAPORE PTE LTD,13,"{('ai', 'w1'): 9, ('ai', 'w3'): 4}"
sg,RAZER ASIA PACIFIC PTE LTD,13,"{('ai', 'w1'): 6, ('biomed', 'w1'): 5, ('fintech', 'w1'): 2}"
sg,HEPTAGON MICRO OPTICS PTE LTD,13,"{('ai', 'w1'): 8, ('biomed', 'w1'): 5}"
sg,LEICA INSTR (SINGAPORE) PTE LTD,13,"{('biomed', 'w1'): 13}"
sg,LUCENCE LIFE SCIENCES PTE LTD,13,"{('biomed', 'w1'): 2, ('biomed', 'w3'): 11}"
sg,TRAX TECHNOLOGY SOLUTIONS PTE LTD,12,"{('ai', 'w1'): 4, ('ai', 'w3'): 6, ('fintech', 'w3'): 2}"
sg,EVYD TECH LIMITED,12,"{('ai', 'w3'): 5, ('biomed', 'w3'): 7}"
sg,GP NETWORK ASIA PTE LTD,12,"{('ai', 'w3'): 1, ('fintech', 'w3'): 11}"
sg,BECTON DICKINSON HOLDINGS PTE LTD,12,"{('biomed', 'w1'): 7, ('biomed', 'w3'): 5}"
sg,SCINOPHARM SINGAPORE PTE LTD,12,"{('biomed', 'w1'): 8, ('biomed', 'w3'): 4}"
sg,EINNOVATIONS HOLDINGS PTE LTD,12,"{('fintech', 'w1'): 12}"
sg,WILMAR INTERNATIONAL LTD,11,"{('ai', 'w3'): 1, ('biomed', 'w3'): 10}"
sg,TESSA THERAPEUTICS LTD,11,"{('biomed', 'w1'): 4, ('biomed', 'w3'): 7}"
sg,ADAGENE PTE LTD,11,"{('biomed', 'w3'): 11}"
sg,PANEXO BIOTECH SG PTE LTD,11,"{('biomed', 'w3'): 11}"
sg,RENEW GROUP PRIVATE LTD,10,"{('ai', 'w1'): 1, ('biomed', 'w1'): 8, ('biomed', 'w3'): 1}"
sg,NAT SKIN CENTRE SINGAPORE PTE LTD,10,"{('ai', 'w1'): 1, ('ai', 'w3'): 2, ('biomed', 'w1'): 2, ('biomed', 'w3'): 5}"
sg,FORTVITA BIOLOGICS SINGAPORE PTE LTD,10,"{('biomed', 'w3'): 10}"
sg,FMC AGRO SINGAPORE PTE LTD,10,"{('biomed', 'w3'): 10}"
sg,HUMMINGBIRD BIOSCIENCE PTE LTD,10,"{('biomed', 'w3'): 10}"
sg,RAZER (ASIA-PACIFIC) PTE LTD,9,"{('ai', 'w1'): 4, ('biomed', 'w1'): 3, ('fintech', 'w1'): 2}"
sg,UST GLOBAL SINGAPORE PTE LTD,9,"{('ai', 'w1'): 2, ('ai', 'w3'): 6, ('biomed', 'w3'): 1}"
sg,EKO AI PTE LTD,9,"{('ai', 'w3'): 4, ('biomed', 'w3'): 5}"
sg,RAPSODO PTE LTD,9,"{('ai', 'w3'): 8, ('biomed', 'w3'): 1}"
sg,TEMASEK LIFE SCIENCES LAB LTD,8,"{('ai', 'w1'): 1, ('biomed', 'w1'): 7}"
sg,HUIKE SINGAPORE HOLDING PTE LTD,8,"{('ai', 'w3'): 7, ('biomed', 'w3'): 1}"
sg,CELLRESEARCH CORP PTE LTD,8,"{('biomed', 'w1'): 4, ('biomed', 'w3'): 4}"
sg,ORBUSNEICH MEDICAL PTE LTD,8,"{('biomed', 'w1'): 5, ('biomed', 'w3'): 3}"
sg,AWAK TECH PTE LTD,8,"{('biomed', 'w1'): 2, ('biomed', 'w3'): 6}"
sg,ENGINE BIOSCIENCES PTE LTD,8,"{('biomed', 'w3'): 8}"
sg,MIRXES LAB PTE LTD,8,"{('biomed', 'w3'): 8}"
sg,CREATIVE TECH LTD,7,"{('ai', 'w1'): 4, ('ai', 'w3'): 2, ('biomed', 'w1'): 1}"
sg,BITWAVE PTE LTD,7,"{('ai', 'w1'): 4, ('ai', 'w3'): 1, ('biomed', 'w1'): 2}"
sg,HISTOINDEX PTE LTD,7,"{('ai', 'w1'): 1, ('biomed', 'w3'): 6}"
sg,JING KING TECH HOLDINGS PTE LTD,7,"{('ai', 'w1'): 2, ('fintech', 'w1'): 5}"
sg,AON GLOBAL OPERATIONS LTD SINGAPORE BRANCH,7,"{('ai', 'w1'): 1, ('fintech', 'w1'): 6}"
sg,NITTO DENKO CORP,7,"{('ai', 'w3'): 1, ('biomed', 'w1'): 3, ('biomed', 'w3'): 3}"
sg,LIFESTYLES HEALTHCARE PTE LTD,7,"{('biomed', 'w1'): 5, ('biomed', 'w3'): 2}"
sg,TELEFLEX LIFE SCIENCES PTE LTD,7,"{('biomed', 'w1'): 5, ('biomed', 'w3'): 2}"
sg,INNOVENT BIOLOGICS SINGAPORE PTE LTD,7,"{('biomed', 'w3'): 7}"
sg,AMS SENSORS SINGAPORE PTE LTD,6,"{('ai', 'w1'): 3, ('ai', 'w3'): 1, ('biomed', 'w1'): 1, ('biomed', 'w3'): 1}"
sg,ENVISION DIGITAL INT PTE LTD,6,"{('ai', 'w3'): 3, ('fintech', 'w3'): 3}"
sg,EVYD RES PRIVATE LIMITED,6,"{('ai', 'w3'): 3, ('biomed', 'w3'): 3}"
sg,POINT ROBOTICS SINGAPORE PTE LTD,6,"{('ai', 'w3'): 1, ('biomed', 'w3'): 5}"
sg,VELA OPERATIONS SINGAPORE PTE LTD,6,"{('biomed', 'w1'): 6}"
sg,MEIBAN INT PTE LTD,6,"{('biomed', 'w1'): 2, ('biomed', 'w3'): 4}"
sg,CREDO BIOMEDICAL PTE LTD,6,"{('biomed', 'w1'): 6}"
sg,TESSA THERAPEUTICS PTE LTD,6,"{('biomed', 'w1'): 6}"
sg,CARMINE THERAPEUTICS PTE LTD,6,"{('biomed', 'w3'): 6}"
sg,HAISCO PHARMACEUTICALS PTE LTD,6,"{('biomed', 'w3'): 6}"
sg,SOTER BIOPHARMA PTE LTD,6,"{('biomed', 'w3'): 6}"
sg,METABRAIN TECH PTE LTD,6,"{('biomed', 'w3'): 6}"
sg,CMS RES & DEVELOPMENT PTE LTD,6,"{('biomed', 'w3'): 6}"
sg,SMITH & NEPHEW ASIA PACIFIC PTD LTD,6,"{('biomed', 'w3'): 6}"
sg,LIFETRACK MEDICAL SYSTEMS PRIVATE LTD,5,"{('ai', 'w1'): 2, ('biomed', 'w1'): 3}"
sg,CERTIS CISCO SECURITY PTE LTD,5,"{('ai', 'w1'): 4, ('ai', 'w3'): 1}"
sg,OSLABS PTE LTD,5,"{('ai', 'w1'): 4, ('fintech', 'w1'): 1}"
sg,Vios Medical Singapore PTE LTD,5,"{('ai', 'w1'): 1, ('biomed', 'w1'): 4}"
sg,ASMPT SINGAPORE PTE LTD,5,"{('ai', 'w3'): 4, ('biomed', 'w3'): 1}"
sg,AMS OSRAM ASIA PACIFIC PTE LTD,5,"{('ai', 'w3'): 5}"
sg,GARENA ONLINE PRIVATE LTD,5,"{('ai', 'w3'): 5}"
sg,CLOUD INTELLIGENCE ASSETS HOLDING SINGAPORE PRIVATE LTD,5,"{('ai', 'w3'): 5}"
sg,GENESIS MEDTECH INTERNATIONAL PRIVATE LTD,5,"{('ai', 'w3'): 1, ('biomed', 'w3'): 4}"
sg,ENDOMASTER PTE LTD,5,"{('biomed', 'w1'): 5}"
sg,PRESTIGE BIOPHARMA PTE LTD,5,"{('biomed', 'w1'): 3, ('biomed', 'w3'): 2}"
sg,QUATTRO VASCULAR PTE LTD,5,"{('biomed', 'w1'): 5}"
sg,DELTA ELECTRONICS INT’L SINGAPORE PTE LTD,5,"{('biomed', 'w1'): 2, ('biomed', 'w3'): 3}"
sg,HILL-ROM SERVICES PTE LTD,5,"{('biomed', 'w1'): 5}"
sg,VIATRIS ASIA PACIFIC PTE LTD,5,"{('biomed', 'w1'): 2, ('biomed', 'w3'): 3}"
sg,PERFORMANCE LABS PTE LTD,5,"{('biomed', 'w1'): 2, ('biomed', 'w3'): 3}"
sg,EPITRONIC HOLDINGS PTE LTD,5,"{('biomed', 'w1'): 5}"
sg,Hoya Medical Singapore Pte Ltd,5,"{('biomed', 'w1'): 2, ('biomed', 'w3'): 3}"
sg,JAGUAHR THERAPEUTICS PTE LTD,5,"{('biomed', 'w3'): 5}"
sg,ACM BIOLABS PTE LTD,5,"{('biomed', 'w3'): 5}"
sg,MOJIA BIOTECH PTE LTD,5,"{('biomed', 'w3'): 5}"
sg,INMAGENE PTE LTD,5,"{('biomed', 'w3'): 5}"
sg,VERRENCY HOLDINGS LTD,5,"{('fintech', 'w1'): 5}"
sg,INMOBI PTE LTD,4,"{('ai', 'w1'): 4}"
sg,RENEW GROUP PTE LTD,4,"{('ai', 'w1'): 1, ('biomed', 'w1'): 3}"
sg,RYNAN TECH PTE LTD,4,"{('ai', 'w1'): 1, ('ai', 'w3'): 2, ('fintech', 'w1'): 1}"
sg,FLEX LTD,4,"{('ai', 'w1'): 1, ('biomed', 'w1'): 3}"
sg,LIFE TECH HOLDINGS PTE LIMITED,4,"{('ai', 'w1'): 1, ('biomed', 'w3'): 3}"
sg,LIFE TECH HOLDINGS PTE LTD,4,"{('ai', 'w1'): 1, ('biomed', 'w3'): 3}"
sg,EDGECORTIX PTE LTD,4,"{('ai', 'w3'): 4}"
sg,BIOSIGNS PTE LTD,4,"{('ai', 'w3'): 1, ('biomed', 'w3'): 3}"
sg,EMAGE VISION PTE LTD,4,"{('ai', 'w3'): 3, ('biomed', 'w1'): 1}"
sg,VELA OPERATIONS PTE LTD,4,"{('biomed', 'w1'): 4}"
sg,NOVEX SCIENCE PTE LTD,4,"{('biomed', 'w1'): 4}"
sg,OSIM INT PTE LTD,4,"{('biomed', 'w1'): 3, ('biomed', 'w3'): 1}"
sg,AUSTRIANOVA SINGAPORE PTE LTD,4,"{('biomed', 'w1'): 2, ('biomed', 'w3'): 2}"
sg,BCS BUSINESS CONSULTING SERVICES PTE LTD,4,"{('biomed', 'w1'): 4}"
sg,AMARANTH MEDICAL PTE,4,"{('biomed', 'w1'): 4}"
sg,MOLEAC PTE LTD,4,"{('biomed', 'w1'): 2, ('biomed', 'w3'): 2}"
sg,SINGAPORE VOLITION PTE LTD,4,"{('biomed', 'w1'): 4}"
sg,PVP LABS PTE LTD,4,"{('biomed', 'w1'): 2, ('biomed', 'w3'): 2}"
sg,CHISCAN HOLDINGS PTE LTD,4,"{('biomed', 'w1'): 1, ('biomed', 'w3'): 3}"
sg,JUNION LABS PTE LTD,4,"{('biomed', 'w3'): 4}"
sg,SOPHIES BIONUTRIENTS PTE LTD,4,"{('biomed', 'w3'): 4}"
sg,ETERNAL GRACE PTE LTD,4,"{('biomed', 'w3'): 4}"
sg,DYSON OPERATIONS PTE LTD,4,"{('biomed', 'w3'): 4}"
sg,EPIGENIC THERAPEUTICS PTE LTD,4,"{('biomed', 'w3'): 4}"
sg,MEDEZE TREASURY PTE LTD,4,"{('biomed', 'w3'): 4}"
sg,TACTILIS PTE LTD,3,"{('ai', 'w1'): 1, ('fintech', 'w1'): 2}"
sg,VISENZE PTE LTD,3,"{('ai', 'w1'): 3}"
sg,HUAWEI INT PTE LTD,3,"{('ai', 'w1'): 2, ('fintech', 'w1'): 1}"
sg,DATASPARK PTE LTD,3,"{('ai', 'w1'): 2, ('ai', 'w3'): 1}"
sg,THINXTREAM TECH PTD LTD,3,"{('ai', 'w1'): 2, ('ai', 'w3'): 1}"
sg,AVANSEUS HOLDINGS PTE LTD,3,"{('ai', 'w1'): 3}"
sg,MB TECH PARTNERS LTD,3,"{('ai', 'w1'): 1, ('fintech', 'w1'): 2}"
sg,X ZELL BIOTECH PTE LTD,3,"{('ai', 'w1'): 1, ('ai', 'w3'): 1, ('biomed', 'w1'): 1}"
sg,NEC ASIA PACIFIC PTE LTD,3,"{('ai', 'w1'): 2, ('biomed', 'w1'): 1}"
sg,CONTINENTAL AUTOMOTIVE SINGAPORE PTE LTD,3,"{('ai', 'w1'): 2, ('biomed', 'w1'): 1}"
sg,WIZ HOLDINGS PTE LTD,3,"{('ai', 'w3'): 3}"
sg,ENSIGN INFOSECURITY PTE LTD,3,"{('ai', 'w3'): 3}"
sg,LIGHTELLIGENCE PTE LTD,3,"{('ai', 'w3'): 3}"
sg,VOYAGER INNOVATIONS HOLDINGS PTE LTD,3,"{('ai', 'w3'): 1, ('fintech', 'w1'): 2}"
sg,ARRIVE PTE LTD,3,"{('ai', 'w3'): 1, ('biomed', 'w3'): 2}"
sg,AES GLOBAL HOLDINGS PTE LTD,3,"{('ai', 'w3'): 3}"
sg,SPACE PTE LTD,3,"{('ai', 'w3'): 2, ('biomed', 'w3'): 1}"
sg,MPICS INNOVATIONS PTE LTD,3,"{('ai', 'w3'): 1, ('biomed', 'w3'): 2}"
sg,REALTEK SINGAPORE PTE LTD,3,"{('ai', 'w3'): 3}"
sg,SPORTSCIENTIA PTE LTD,3,"{('ai', 'w3'): 1, ('biomed', 'w3'): 2}"
sg,AMWISE DIAGNOSTICS PTE LTD,3,"{('ai', 'w3'): 1, ('biomed', 'w1'): 1, ('biomed', 'w3'): 1}"
sg,VIZZIO TECH PTE LTD,3,"{('ai', 'w3'): 3}"
sg,AON GLOBAL OPERATIONS SE SINGAPORE BRANCH,3,"{('ai', 'w3'): 1, ('fintech', 'w1'): 2}"
sg,RADWISP PTE LTD,3,"{('ai', 'w3'): 1, ('biomed', 'w1'): 1, ('biomed', 'w3'): 1}"
sg,SES HOLDINGS PTE LTD,3,"{('ai', 'w3'): 1, ('biomed', 'w3'): 2}"
sg,EFFITO PTE LTD,3,"{('ai', 'w3'): 3}"
sg,EVEREST MEDICINES SINGAPORE PTE LTD,3,"{('biomed', 'w1'): 1, ('biomed', 'w3'): 2}"
sg,ADVANCED FIRST AID RES PTE LTD,3,"{('biomed', 'w1'): 3}"
sg,OSIM INT LTD,3,"{('biomed', 'w1'): 3}"
sg,SINGAPORE ZE&Z INT PTE LTD,3,"{('biomed', 'w1'): 2, ('biomed', 'w3'): 1}"
sg,MENICON SINGAPORE PTE LTD,3,"{('biomed', 'w1'): 2, ('biomed', 'w3'): 1}"
sg,AMT PTE LTD,3,"{('biomed', 'w1'): 3}"
sg,RACER TECH PTE LTD,3,"{('biomed', 'w1'): 1, ('biomed', 'w3'): 2}"
sg,CEREBOS PACIFIC LTD,3,"{('biomed', 'w1'): 3}"
sg,ES CELL INT PTE LTD,3,"{('biomed', 'w1'): 3}"
sg,PEREGRINE OPHTHALMIC PTE LTD,3,"{('biomed', 'w1'): 3}"
sg,LION TCR PTE LTD,3,"{('biomed', 'w1'): 3}"
sg,WIS TA LABORATORIES LTD,3,"{('biomed', 'w1'): 2, ('biomed', 'w3'): 1}"
sg,UNISTRAW HOLDINGS PTE LTD,3,"{('biomed', 'w1'): 3}"
sg,EPIC MEDICAL PTE LTD,3,"{('biomed', 'w1'): 2, ('biomed', 'w3'): 1}"
sg,AON GLOBAL OPERATIONS LTD (SINGAPORE BRANCH) (REG T12FC0122F),3,"{('biomed', 'w1'): 1, ('fintech', 'w1'): 2}"
sg,XYLONIX IP HOLDINGS PTE LTD,3,"{('biomed', 'w1'): 3}"
sg,XYLONIX PTE LTD,3,"{('biomed', 'w1'): 2, ('biomed', 'w3'): 1}"
sg,STAR ARRAY PTE LTD,3,"{('biomed', 'w1'): 2, ('biomed', 'w3'): 1}"
sg,HERAEUS MATERIALS SINGAPORE PTE LTD,3,"{('biomed', 'w1'): 3}"
sg,CREDO DIAGNOSTICS BIOMEDICAL PTE LTD,3,"{('biomed', 'w1'): 1, ('biomed', 'w3'): 2}"
sg,CRAFT HEALTH PTE LTD,3,"{('biomed', 'w3'): 3}"
sg,TRAVECTA THERAPEUTICS PTE LTD,3,"{('biomed', 'w3'): 3}"
sg,GERO PTE LTD,3,"{('biomed', 'w3'): 3}"
sg,EXPLOR INVEST PTE LTD,3,"{('biomed', 'w3'): 3}"
sg,23IKIGAI PTE LTD,3,"{('biomed', 'w3'): 3}"
sg,SMITH & NEPHEW ASIA PACIFIC PTE LIMTED,3,"{('biomed', 'w3'): 3}"
sg,BIOBOT SURGICAL PTE LTD,3,"{('biomed', 'w3'): 3}"
sg,BACTOCLEAR HOLDINGS PTE LTD,3,"{('biomed', 'w3'): 3}"
sg,WISORIG TECH PTE LIMITED,3,"{('biomed', 'w3'): 3}"
sg,INNOVATION STREET PTE LTD,3,"{('biomed', 'w3'): 3}"
sg,RELIEVE THERAPEUTICS PTE LTD,3,"{('biomed', 'w3'): 3}"
sg,TRISAIL MEDICAL PTE LTD,3,"{('biomed', 'w3'): 3}"
sg,MEDLYVES PTE LTD,3,"{('biomed', 'w3'): 2, ('fintech', 'w3'): 1}"
sg,THE CHLOROPLAST PTE LTD,3,"{('biomed', 'w3'): 3}"
sg,THE BIOFACTORY PTE LTD,3,"{('biomed', 'w3'): 3}"
sg,LIGATURE THERAPEUTICS PTE LTD,3,"{('biomed', 'w3'): 3}"
sg,OPULENT ELECTRONICS INT PTE LTD,3,"{('biomed', 'w3'): 3}"
sg,ALEXANDRA HEALTH PTE LTD,3,"{('biomed', 'w3'): 3}"
sg,IMMUNOSCAPE PTE LTD,3,"{('biomed', 'w3'): 3}"
sg,SCG CELL THERAPY PTE LTD,3,"{('biomed', 'w3'): 3}"
sg,ESCO ASTER PTE LTD,3,"{('biomed', 'w3'): 3}"
sg,TIKVA ALLOCELL PTE LTD,3,"{('biomed', 'w3'): 3}"
sg,MEDISIX THERAPEUTICS INC,3,"{('biomed', 'w3'): 3}"
sg,MOTIGENIX SINGAPORE PTE LTD,3,"{('biomed', 'w3'): 3}"
sg,LINE BIZPLUS PTE LTD,3,"{('fintech', 'w1'): 3}"
sg,MASTERCARD ASIA,3,"{('fintech', 'w1'): 1, ('fintech', 'w3'): 2}"
sg,DBS BANK LTD,3,"{('fintech', 'w3'): 3}"
sg,TENPAY GLOBAL PTE LTD,3,"{('fintech', 'w3'): 3}"
sg,SEMICONDUCTOR TECH & INSTRUMENTS PTE LTD,2,"{('ai', 'w1'): 1, ('ai', 'w3'): 1}"
sg,ACK3 BIONETICS PTE LTD,2,"{('ai', 'w1'): 2}"
sg,HUAWEI INTERNAT PTE LTD,2,"{('ai', 'w1'): 2}"
sg,SUN ELECTRIC PTE LTD,2,"{('ai', 'w1'): 1, ('fintech', 'w1'): 1}"
sg,TRAKOMATIC PTE LTD,2,"{('ai', 'w1'): 2}"
sg,THINXTREAM TECH PTE LTD,2,"{('ai', 'w1'): 2}"
sg,SIX CAPITAL PTE LTD,2,"{('ai', 'w1'): 1, ('fintech', 'w1'): 1}"
sg,VISCOVERY PTE LTD,2,"{('ai', 'w1'): 2}"
sg,AMKOR TECH SINGAPORE HOLDING PTE LTD,2,"{('ai', 'w1'): 2}"
sg,AEM SINGAPORE PTE LTD,2,"{('ai', 'w1'): 1, ('ai', 'w3'): 1}"
sg,PCCW VUCLIP SINGAPORE PTE LTD,2,"{('ai', 'w1'): 2}"
sg,VUCLIP SINGAPORE PTE LTD,2,"{('ai', 'w1'): 2}"
sg,AAC TECHNOLOGIES PTE LTD,2,"{('ai', 'w1'): 1, ('ai', 'w3'): 1}"
sg,ELID TECH INT PTE LTD,2,"{('ai', 'w1'): 2}"
sg,ELID TECH INTERNATIONAL PTE LTD,2,"{('ai', 'w1'): 2}"
sg,SINGAPORE TECH ELECTRONICS LIMITED,2,"{('ai', 'w1'): 1, ('fintech', 'w1'): 1}"
sg,ST ENG ELECTRONICS LTD,2,"{('ai', 'w1'): 1, ('fintech', 'w1'): 1}"
sg,ST ENG URBAN SOLUTIONS LTD,2,"{('ai', 'w1'): 1, ('fintech', 'w1'): 1}"
sg,JEWEL PAYMENTECH PTE LTD,2,"{('ai', 'w1'): 1, ('fintech', 'w1'): 1}"
sg,CINIME ASIA PACIFIC PTE LTD,2,"{('ai', 'w1'): 2}"
sg,ASM TECH SINGAPORE PTE LTD,2,"{('ai', 'w1'): 1, ('ai', 'w3'): 1}"
sg,ONECONNECT FINANCIAL TECH SINGAPORE CO PTE LTD,2,"{('ai', 'w1'): 1, ('fintech', 'w1'): 1}"
sg,AIQ PTE LTD,2,"{('ai', 'w1'): 2}"
sg,STR8BAT SPORTS TECH SOLUTIONS OTE,2,"{('ai', 'w1'): 1, ('biomed', 'w1'): 1}"
sg,STR8BAT SPORTS TECH SOLUTIONS PTE LTD,2,"{('ai', 'w1'): 1, ('biomed', 'w1'): 1}"
sg,MICROMERTICS TECH PTE LTD,2,"{('ai', 'w1'): 1, ('biomed', 'w1'): 1}"
sg,MICROMETRICS TECH PTE LTD,2,"{('ai', 'w1'): 1, ('biomed', 'w1'): 1}"
sg,PEACH INTELLIHEALTH PTE LTD,2,"{('ai', 'w1'): 1, ('biomed', 'w1'): 1}"
sg,AON GLOBAL OPERATIONS PLC SINGAPORE BRANCH,2,"{('ai', 'w1'): 1, ('fintech', 'w1'): 1}"
sg,SMARTCOMM ELECTRONICS PTE LTD,2,"{('ai', 'w1'): 1, ('fintech', 'w1'): 1}"
sg,KRONIKARE PTE LTD,2,"{('ai', 'w1'): 1, ('biomed', 'w1'): 1}"
sg,1EXCHANGE PTE LTD,2,"{('ai', 'w1'): 1, ('fintech', 'w1'): 1}"
sg,CAPBRIDGE CORNERSTONE PTE LTD,2,"{('ai', 'w1'): 1, ('fintech', 'w1'): 1}"
sg,MINDBCI PTE LTD,2,"{('ai', 'w3'): 1, ('biomed', 'w3'): 1}"
sg,VISIOTECH VENTURES PTE LTD,2,"{('ai', 'w3'): 2}"
sg,HORIZON QUANTUM COMPUTING PTE LTD,2,"{('ai', 'w3'): 2}"
sg,LUMILEDS SINGAPORE PTE LTD,2,"{('ai', 'w3'): 2}"
sg,DATHENA SCIENCE PTE LTD,2,"{('ai', 'w3'): 2}"
sg,DIXTECH INNOVATION PTE LTD,2,"{('ai', 'w3'): 2}"
sg,CONFIRMU PTE LTD,2,"{('ai', 'w3'): 1, ('fintech', 'w3'): 1}"
sg,AMC FUTURE TECH PTE LTD,2,"{('ai', 'w3'): 1, ('fintech', 'w3'): 1}"
sg,BRANE COGNITIVES PTE LTD,2,"{('ai', 'w3'): 2}"
sg,GREY ORANGE PTE LTD,2,"{('ai', 'w3'): 2}"
sg,YIJIAHE SINGAPORE PTE LTD,2,"{('ai', 'w3'): 1, ('biomed', 'w3'): 1}"
sg,COGNIUS AI PTE LTD,2,"{('ai', 'w3'): 2}"
sg,OPEN4SALE INT PTE LTD,2,"{('ai', 'w3'): 1, ('fintech', 'w3'): 1}"
sg,Neerkoli Pte Ltd,2,"{('ai', 'w3'): 1, ('biomed', 'w3'): 1}"
sg,HALESIGHT PTE LTD,2,"{('ai', 'w3'): 1, ('biomed', 'w3'): 1}"
sg,ADVANCED MEDTECH CORP PTE LTD,2,"{('ai', 'w3'): 1, ('biomed', 'w3'): 1}"
sg,NEUROGLEE SCIENCE PTE LTD,2,"{('ai', 'w3'): 1, ('biomed', 'w3'): 1}"
sg,NEUROGLEE THERAPEUTICS PTE LTD,2,"{('ai', 'w3'): 1, ('biomed', 'w3'): 1}"
sg,DEFUGO TECH PTE LTD,2,"{('ai', 'w3'): 1, ('biomed', 'w3'): 1}"
sg,LENOVO SINGAPORE PTE LTD NEW TECH PARK,2,"{('ai', 'w3'): 2}"
sg,RAKUTEN ASIA PTE LTD,2,"{('ai', 'w3'): 1, ('fintech', 'w3'): 1}"
sg,REALTEK SINGAPORE PRIVATE LTD,2,"{('ai', 'w3'): 2}"
sg,SABIC SK NEXLENE COMPANY PTE LTD,2,"{('ai', 'w3'): 1, ('biomed', 'w3'): 1}"
sg,TEAMSOLVE PTE LTD,2,"{('ai', 'w3'): 2}"
sg,LENOVO SINGAPORE PET LTD,2,"{('ai', 'w3'): 2}"
sg,ANXIP HOLDING PTE LTD,2,"{('ai', 'w3'): 1, ('biomed', 'w3'): 1}"
sg,MESH BIO PTE LTD,2,"{('ai', 'w3'): 1, ('biomed', 'w3'): 1}"
sg,LYNX ANALYTICS PTE LTD,2,"{('ai', 'w3'): 1, ('biomed', 'w3'): 1}"
sg,SHOPEE IP SINGAPORE PRIVATE LTD,2,"{('ai', 'w3'): 2}"
sg,LITE ON SINGAPORE PTE LTD,2,"{('ai', 'w3'): 2}"
sg,VALDIMIR PTE LTD,2,"{('ai', 'w3'): 1, ('fintech', 'w3'): 1}"
sg,SUNIA PTE LTD SINGAPORE,2,"{('ai', 'w3'): 2}"
sg,SUNIAPTE LTD,2,"{('ai', 'w3'): 2}"
sg,AI SEER PTE LTD,2,"{('ai', 'w3'): 1, ('biomed', 'w3'): 1}"
sg,AL SEER PTE LTD,2,"{('ai', 'w3'): 1, ('biomed', 'w3'): 1}"
sg,EM2AI Pte Ltd,2,"{('ai', 'w3'): 1, ('biomed', 'w3'): 1}"
sg,Q & M DENTAL GROUP SINGAPORE LTD,2,"{('ai', 'w3'): 1, ('biomed', 'w3'): 1}"
sg,HEHEALTH PTE LTD,2,"{('ai', 'w3'): 1, ('biomed', 'w3'): 1}"
sg,WONDER TECH PTE LTD,2,"{('ai', 'w3'): 1, ('biomed', 'w3'): 1}"
sg,Entropica Labs,2,"{('ai', 'w3'): 2}"
sg,SMUDG COMPANY PTE LTD,2,"{('ai', 'w3'): 2}"
sg,GreenArc Capital,2,"{('ai', 'w3'): 1, ('fintech', 'w3'): 1}"
sg,SPACEBRAINZ PRIVATE LTD,2,"{('ai', 'w3'): 1, ('fintech', 'w3'): 1}"
sg,BIOMAP INTELLIGENCE TECH SG PTE LTD,2,"{('ai', 'w3'): 1, ('biomed', 'w3'): 1}"
sg,ST ENG IHQ PTE LTD,2,"{('ai', 'w3'): 2}"
sg,ONEEMPOWER PTE LTD,2,"{('biomed', 'w1'): 1, ('fintech', 'w1'): 1}"
sg,WAVE LIFE SCIENCES PTE LTD,2,"{('biomed', 'w1'): 2}"
sg,DIGITAL SURGICALS PTE LTD,2,"{('biomed', 'w1'): 2}"
sg,HOPE TECHNIK PTE LTD,2,"{('biomed', 'w1'): 2}"
sg,DOTTER INTELLECTUAL PTE LTD,2,"{('biomed', 'w1'): 2}"
sg,I SUPPORT PTE LTD,2,"{('biomed', 'w1'): 2}"
sg,AON GLOBAL OPERATIONS LTD SINGAPORE BRANCH REG T12FC0122F,2,"{('biomed', 'w1'): 1, ('fintech', 'w1'): 1}"
sg,MERLION PHARMACEUTICALS PTE LTD,2,"{('biomed', 'w1'): 2}"
sg,Aurum Medicare Pte Ltd,2,"{('biomed', 'w1'): 2}"
sg,CELLRES CORP PTE LTD,2,"{('biomed', 'w1'): 2}"
sg,ADVENT ACCESS PTE LTD,2,"{('biomed', 'w1'): 2}"
sg,IX BIOPHARMA LTD,2,"{('biomed', 'w1'): 1, ('biomed', 'w3'): 1}"
sg,VALLAURIX PTE LTD,2,"{('biomed', 'w1'): 2}"
sg,NEPHEW ASIA PACIFIC PTE LTD,2,"{('biomed', 'w1'): 1, ('biomed', 'w3'): 1}"
sg,WONG FONG ENGINEERING WORKS 1988 PTE LTD,2,"{('biomed', 'w1'): 2}"
sg,Sano V Pte Ltd,2,"{('biomed', 'w1'): 2}"
sg,HYPHENS PHARMA PTE LTD,2,"{('biomed', 'w1'): 1, ('biomed', 'w3'): 1}"
sg,KOFFEEFRUIT PTE LTD,2,"{('biomed', 'w1'): 2}"
sg,BIOMAX HOLDINGS PTE LTD,2,"{('biomed', 'w1'): 1, ('biomed', 'w3'): 1}"
sg,ROOT KING PTE LTD,2,"{('biomed', 'w1'): 2}"
sg,NDR MEDICAL TECH PTE LTD,2,"{('biomed', 'w1'): 2}"
sg,Delta Electronics Int'l (Singapore) Pte Ltd,2,"{('biomed', 'w1'): 2}"
sg,MEDLINX ACACIA PTE LTD,2,"{('biomed', 'w1'): 2}"
sg,AACHEN SCIENT INTERNATIONAL PTE LTD,2,"{('biomed', 'w1'): 2}"
sg,NATURION PTE LTD,2,"{('biomed', 'w1'): 2}"
sg,NEURO CODE HOLDINGS PTE LTD,2,"{('biomed', 'w1'): 2}"
sg,SCICLONE PHARMACEUTICALS INT SG PTE LTD,2,"{('biomed', 'w1'): 2}"
sg,JYSK SKIN SOLUTIONS PTE LTD,2,"{('biomed', 'w1'): 1, ('biomed', 'w3'): 1}"
sg,RED HORSE HOLDINGS PTE LTD,2,"{('biomed', 'w1'): 1, ('biomed', 'w3'): 1}"
sg,SILEZIA GROUP PTE LTD,2,"{('biomed', 'w1'): 2}"
sg,ORCHID MEDICAL PTE LTD,2,"{('biomed', 'w1'): 2}"
sg,RG SMART PTE LTD,2,"{('biomed', 'w1'): 2}"
sg,LUCENCE DIAGNOSTICS PTE LTD,2,"{('biomed', 'w1'): 2}"
sg,JMEDTECH PTE LTD,2,"{('biomed', 'w1'): 2}"
sg,MERLIN MD PTE LTD,2,"{('biomed', 'w1'): 1, ('biomed', 'w3'): 1}"
sg,VASCUROS MEDICAL PTE LTD,2,"{('biomed', 'w1'): 2}"
sg,RG HEALTHCARE PTE LTD,2,"{('biomed', 'w1'): 2}"
sg,RG INNOVATIONS PTE LTD,2,"{('biomed', 'w1'): 2}"
sg,YISHENG BIOPHARMA (SINGAPORE) PTE LTD,2,"{('biomed', 'w1'): 2}"
sg,YISHENG BIOPHARMA SINGAPORE PTE LTD,2,"{('biomed', 'w1'): 2}"
sg,UBER DIAGNOSTICS PTE LTD,2,"{('biomed', 'w1'): 2}"
sg,KBP BIOSCIENCES PTE LTD,2,"{('biomed', 'w1'): 1, ('biomed', 'w3'): 1}"
sg,PLANO PTE LTD,2,"{('biomed', 'w1'): 1, ('biomed', 'w3'): 1}"
sg,STRUCTO PTE LTD,2,"{('biomed', 'w1'): 2}"
sg,JCS BIOTECH PTE LTD,2,"{('biomed', 'w1'): 1, ('biomed', 'w3'): 1}"
sg,CYNTEK PTE LID,2,"{('biomed', 'w1'): 2}"
sg,ONE BIOMED PTE LTD,2,"{('biomed', 'w1'): 1, ('biomed', 'w3'): 1}"
sg,CELLIGENICS PTE LTD,2,"{('biomed', 'w1'): 1, ('biomed', 'w3'): 1}"
sg,IMUNAMI LABORATORIES PTE LTD,2,"{('biomed', 'w1'): 2}"
sg,INVIVO MEDICAL PTE LTD,2,"{('biomed', 'w3'): 2}"
sg,N&E INNOVATIONS PTE LTD,2,"{('biomed', 'w3'): 2}"
sg,WUXI XDC SINGAPORE PRIVATE LTD,2,"{('biomed', 'w3'): 2}"
sg,ECOSPEC NOVELTECH PTE LTD,2,"{('biomed', 'w3'): 2}"
sg,PLENAMED PTE LTD,2,"{('biomed', 'w3'): 2}"
sg,Poly Gain Pte Ltd,2,"{('biomed', 'w3'): 2}"
sg,IRNOVATE PTE LTD,2,"{('biomed', 'w3'): 2}"
sg,SOPHIE’S BIONUTRIENTS PTE LTD,2,"{('biomed', 'w3'): 2}"
sg,NISSHINBO SINGAPORE PTE LTD,2,"{('biomed', 'w3'): 2}"
sg,TENDONPLUS MEDICAL PTE LTD,2,"{('biomed', 'w3'): 2}"
sg,UNITED CREST HEALTHCARE PTE LTD COMPANY,2,"{('biomed', 'w3'): 1, ('fintech', 'w3'): 1}"
sg,NANYANG HERBS PTE LTD,2,"{('biomed', 'w3'): 2}"
sg,HANNAH LIFE TECH PTE LTD,2,"{('biomed', 'w3'): 2}"
sg,BREATHONIX PTE LTD,2,"{('biomed', 'w3'): 2}"
sg,CARGENE THERAPEUTICS PTE LTD,2,"{('biomed', 'w3'): 2}"
sg,LERNA BIOPHARMA PTE LTD,2,"{('biomed', 'w3'): 2}"
sg,MEDIOS TECH PTE LTD,2,"{('biomed', 'w3'): 2}"
sg,SERV MEDICAL PTE LTD,2,"{('biomed', 'w3'): 2}"
sg,ABBVIE OPERATIONS SINGAPORE PTE LTD,2,"{('biomed', 'w3'): 2}"
sg,INCANDO THERAPEUTICS PTE LTD,2,"{('biomed', 'w3'): 2}"
sg,FLOATING KNIGHT BIOTECH PTE LTD,2,"{('biomed', 'w3'): 2}"
sg,MEDEZE TREASURY PTD LTD,2,"{('biomed', 'w3'): 2}"
sg,SMARTRX PTE LTD,2,"{('biomed', 'w3'): 1, ('fintech', 'w3'): 1}"
sg,VOXP PTE LTD,2,"{('fintech', 'w1'): 2}"
sg,VERTICAL SOFTWARE ASIA PTE LTD,2,"{('fintech', 'w1'): 2}"
sg,MASTERCARD INTERNATIONAL INC,2,"{('fintech', 'w1'): 2}"
sg,CALL LEVELS PTE LTD,2,"{('fintech', 'w1'): 2}"
sg,SINGAPORE TELECOMMUNICATIONS LTD,2,"{('fintech', 'w1'): 1, ('fintech', 'w3'): 1}"
sg,VERENCY HOLDINGS LTD,2,"{('fintech', 'w1'): 2}"
sg,ISKY RES PTE LTD,2,"{('fintech', 'w3'): 2}"
sg,MVGX TECH PTE LTD,2,"{('fintech', 'w3'): 2}"
sg,PARTIOR PTE LTD,2,"{('fintech', 'w3'): 2}"
sg,M LEAGUE PTE LTD,2,"{('fintech', 'w3'): 2}"
sg,PI XCELS PTE LTD,2,"{('fintech', 'w3'): 2}"
sg,GSHIELD ASIA PTE LTD,2,"{('fintech', 'w3'): 2}"
sg,SEMICONDUCTOR TECH & INSTRUMENTS PTE LTD SG,1,"{('ai', 'w1'): 1}"
sg,SEMICONDUCTOR TECH AND INSTRUMENTS PTE LTD,1,"{('ai', 'w1'): 1}"
sg,SEMICONDUCTOR TECHNOLOGIES AND INSTR PTE LTD,1,"{('ai', 'w1'): 1}"
sg,ST MICROELECTRONICS ASIA,1,"{('ai', 'w1'): 1}"
sg,ST MICROELECTRONICS ASIA PACIFIC PTE LTD,1,"{('ai', 'w1'): 1}"
sg,Sigenic Pte Ltd,1,"{('ai', 'w1'): 1}"
sg,CRAYON DATA PTE LTD,1,"{('ai', 'w1'): 1}"
sg,SIEMENS MEDICAL INSTR PTE LTD,1,"{('ai', 'w1'): 1}"
sg,CLAULT PTE LTD,1,"{('ai', 'w1'): 1}"
sg,DATAESP PRIVATE LTD,1,"{('ai', 'w1'): 1}"
sg,CLOUDRADIGM PTE LTD,1,"{('ai', 'w1'): 1}"
sg,INFINITY OPTICS SOLUTIONS PTE LTD,1,"{('ai', 'w1'): 1}"
sg,COOLPAY PTE LTD,1,"{('ai', 'w1'): 1}"
sg,MENTORICA TECH PTE LTD,1,"{('ai', 'w1'): 1}"
sg,MENTORICA TECHNOLOGY PTE LTD,1,"{('ai', 'w1'): 1}"
sg,TAASCOM INC,1,"{('ai', 'w1'): 1}"
sg,ENSIGN INFOSECURITY CYBERSECURITY PTE LTD,1,"{('ai', 'w1'): 1}"
sg,VADARO PTE LTD,1,"{('ai', 'w1'): 1}"
sg,LENOVO ( SINGAPORE) PTE LTD,1,"{('ai', 'w1'): 1}"
sg,SINGAPORE PRESS HOLDINGS LTD,1,"{('ai', 'w1'): 1}"
sg,INVISIRON PTE LTD,1,"{('ai', 'w1'): 1}"
sg,VI DIMENSIONS PTE LTD,1,"{('ai', 'w1'): 1}"
sg,SPAYCE ASIA PTE LTD,1,"{('ai', 'w1'): 1}"
sg,SPAYCEASIA PTE LTD,1,"{('ai', 'w1'): 1}"
sg,QUESTOR CAPITAL HOLDINGS LTD,1,"{('ai', 'w1'): 1}"
sg,AMKOR TECH SINGAPORE HOLDING PTE,1,"{('ai', 'w1'): 1}"
sg,AKRIBIS SYSTEMS PTE LTD,1,"{('ai', 'w1'): 1}"
sg,VUCLIP (SINGAPORE) PTE LTD,1,"{('ai', 'w1'): 1}"
sg,DESKERA SINGAPORE PTE LTD,1,"{('ai', 'w1'): 1}"
sg,COMPONENT AEROSPACE SINGAPORE PTE LTD,1,"{('ai', 'w1'): 1}"
sg,GT ROBOT TECH PTE LTD,1,"{('ai', 'w1'): 1}"
sg,AAC OPTICS SOLUTIONS PTE LTD,1,"{('ai', 'w1'): 1}"
sg,FORTH TV PTE LTD,1,"{('ai', 'w1'): 1}"
sg,ST ELECTRONICS (TRAINING & SIMULATION SYSTEMS) PTE LTD,1,"{('ai', 'w1'): 1}"
sg,ST ELECTRONICS TRAINING & SIMULATION SYSTEMS,1,"{('ai', 'w1'): 1}"
sg,ST ELECTRONICS TRAINING & SIMULATION SYSTEMS PTE LTD,1,"{('ai', 'w1'): 1}"
sg,HENDRICKS CORP PTE LTD,1,"{('ai', 'w1'): 1}"
sg,ORGANIZATIONAL STRATEGIES INT PTE LTD,1,"{('ai', 'w1'): 1}"
sg,KEYSIGHT TECH SINGAPORE SALES PTE LTD,1,"{('ai', 'w1'): 1}"
sg,DATA SPARK PTE LTD,1,"{('ai', 'w1'): 1}"
sg,ROCKWELL AUTOMATION ASIA PACIFIC BUSINESS CENTER PTE LTD,1,"{('ai', 'w1'): 1}"
sg,MARVELL ASIA PTE LTD REGISTRATION NO 199702379M,1,"{('ai', 'w1'): 1}"
sg,Attribuild Pte Ltd,1,"{('ai', 'w1'): 1}"
sg,GARINI TECH CORPORATION PTE LTD,1,"{('ai', 'w1'): 1}"
sg,HOME CONTROL SINGAPORE PTE LTD,1,"{('ai', 'w1'): 1}"
sg,KURVE AUTOMATION PTE LTD,1,"{('ai', 'w1'): 1}"
sg,PSA INT PTE LTD,1,"{('ai', 'w1'): 1}"
sg,NEC APAC PTE LTD,1,"{('ai', 'w1'): 1}"
sg,SMARTCLEAN TECH PTE LTD,1,"{('ai', 'w1'): 1}"
sg,SMARTCLEAN TECHNOLOGIES PTE LTD,1,"{('ai', 'w1'): 1}"
sg,BLOSH CO PTE LTD,1,"{('ai', 'w1'): 1}"
sg,ETH SINGAPORE SEC LTD,1,"{('ai', 'w1'): 1}"
sg,DRUVA TECH PTE LTD,1,"{('ai', 'w1'): 1}"
sg,WEI LONG ELECTRONICS ENG PTE LTD,1,"{('ai', 'w1'): 1}"
sg,ENVISON DIGITAL INT PTE LTD,1,"{('ai', 'w3'): 1}"
sg,AQUAEASY PTE LTD,1,"{('ai', 'w3'): 1}"
sg,ENDOSIQ TECH PTE LTD,1,"{('ai', 'w3'): 1}"
sg,NEAR PTE LTD,1,"{('ai', 'w3'): 1}"
sg,WOWLINK PTE LTD,1,"{('ai', 'w3'): 1}"
sg,SINGTEL CYBER SECURITY SINGAPORE PTE LTD,1,"{('ai', 'w3'): 1}"
sg,LOMOTIF PRIVATE LTD,1,"{('ai', 'w3'): 1}"
sg,RIGHT HAND CYBER SECURITY PTE LTD,1,"{('ai', 'w3'): 1}"
sg,NOMADD DESERT SOLAR SOLUTIONS PTE LTD,1,"{('ai', 'w3'): 1}"
sg,NCS PTE LTD,1,"{('ai', 'w3'): 1}"
sg,SENSETIMENTERNATIONAL PTE LTD,1,"{('ai', 'w3'): 1}"
sg,YUMCHA STUDIOS PTE LTD,1,"{('ai', 'w3'): 1}"
sg,VULCAN AI PTE LTD,1,"{('ai', 'w3'): 1}"
sg,NEXTSMARTY HOLDINGS PTE LTD,1,"{('ai', 'w3'): 1}"
sg,PATHNOVA LABORATORIES PTE LTD,1,"{('ai', 'w3'): 1}"
sg,TEMASEK LIFE SICENCES LABORATORY LTD,1,"{('ai', 'w3'): 1}"
sg,MYRO INT PTE LTD,1,"{('ai', 'w3'): 1}"
sg,MYRO INTERNATIONAL PTE LTD,1,"{('ai', 'w3'): 1}"
sg,ORICA INT PTE LTD,1,"{('ai', 'w3'): 1}"
sg,REVERSEADS PTE LTD,1,"{('ai', 'w3'): 1}"
sg,DELTA ELECTRONICS INT SINGAPORE PTE LTD,1,"{('ai', 'w3'): 1}"
sg,HUI DING INT PTE LTD,1,"{('ai', 'w3'): 1}"
sg,SENSETIME INT PET LTD,1,"{('ai', 'w3'): 1}"
sg,QoreNext Pte Ltd,1,"{('ai', 'w3'): 1}"
sg,ANOR TECH PTE LTD,1,"{('ai', 'w3'): 1}"
sg,GREYORANGE PTE LTD,1,"{('ai', 'w3'): 1}"
sg,SURBANA JURONG PRIVATE LTD,1,"{('ai', 'w3'): 1}"
sg,CURIUM PTE LTD,1,"{('ai', 'w3'): 1}"
sg,EMAGE TOMO PTE LTD,1,"{('ai', 'w3'): 1}"
sg,Viralint Pte Ltd,1,"{('ai', 'w3'): 1}"
sg,EMAGE AI PTE LTD,1,"{('ai', 'w3'): 1}"
sg,EMAGE AL PTE LTD,1,"{('ai', 'w3'): 1}"
sg,PWK HOLDINGS PTE LTD,1,"{('ai', 'w3'): 1}"
sg,DCONSTRUCT TECH PTE LTD,1,"{('ai', 'w3'): 1}"
sg,CROWN DIGITAL PTE LTD,1,"{('ai', 'w3'): 1}"
sg,ITSEC ANALYTICS PTE LTD,1,"{('ai', 'w3'): 1}"
sg,ROSS DIGITAL PTE LTD,1,"{('ai', 'w3'): 1}"
sg,ASTORIA SOLUTIONS PTE LTD,1,"{('ai', 'w3'): 1}"
sg,TRAX TECH SOLUTIOS PTE LTD,1,"{('ai', 'w3'): 1}"
sg,3D IM PTE LTD,1,"{('ai', 'w3'): 1}"
sg,DEFUGO TECHOLOGIES PTE LTD,1,"{('ai', 'w3'): 1}"
sg,BINARYFLUX PTE LTD,1,"{('ai', 'w3'): 1}"
sg,LEAN STATION PTE LTD,1,"{('ai', 'w3'): 1}"
sg,GENERAL SYSTEMS SG PTE LTD,1,"{('ai', 'w3'): 1}"
sg,LIBIAO ROBOTICS HOLDINGS PTE LTD,1,"{('ai', 'w3'): 1}"
sg,ANR DESIGN ENG PTE LTD,1,"{('ai', 'w3'): 1}"
sg,Meridian Innovation Pte Ltd,1,"{('ai', 'w3'): 1}"
sg,SILVER FACTORY TECH PTE LTD,1,"{('ai', 'w3'): 1}"
sg,CAPILLARY PTE LTD,1,"{('ai', 'w3'): 1}"
sg,REAL ESTATE ANALYTICS PTE LTD,1,"{('ai', 'w3'): 1}"
sg,AI PALETTE PTE LTD,1,"{('ai', 'w3'): 1}"
sg,EMO TECH PTE LTD,1,"{('ai', 'w3'): 1}"
sg,QUANTIFIED ENERGY LABS PTE LTD,1,"{('ai', 'w3'): 1}"
sg,OPSIS PTE LTD,1,"{('ai', 'w3'): 1}"
sg,SKYWORKS GLOBAL PTE LTD,1,"{('ai', 'w3'): 1}"
sg,GROUP IB GLOBAL PRIVATE LTD,1,"{('ai', 'w3'): 1}"
sg,YARDSTICK PTE LTD,1,"{('ai', 'w3'): 1}"
sg,AIRES INVESTMENT HOLDINGS PRIVATE LTD,1,"{('ai', 'w3'): 1}"
sg,SUNIA,1,"{('ai', 'w3'): 1}"
sg,MATERCARD ASIA/PACIFIC PTE LTD,1,"{('ai', 'w3'): 1}"
sg,MOOVITA PTE LTD,1,"{('ai', 'w3'): 1}"
sg,SURBANA JURONG PTE LTD,1,"{('ai', 'w3'): 1}"
sg,1BSTORIES PTE LTD,1,"{('ai', 'w3'): 1}"
sg,DEEPGREEN ENG PTE LTD,1,"{('ai', 'w3'): 1}"
sg,METAMATIKS PTE LTD,1,"{('ai', 'w3'): 1}"
sg,FABRICA ROBOTICS PTE LTD,1,"{('ai', 'w3'): 1}"
sg,DESYGNER PTE LTD,1,"{('ai', 'w3'): 1}"
sg,Simpple Pte Ltd,1,"{('ai', 'w3'): 1}"
sg,FLEXXON PTE LTD,1,"{('ai', 'w3'): 1}"
sg,PALEXY PTE LTD,1,"{('ai', 'w3'): 1}"
sg,EYRIS PTE LTD,1,"{('ai', 'w3'): 1}"
sg,ILLINOIS AT SINGAPORE PTE LTD,1,"{('ai', 'w3'): 1}"
sg,BRILLNICS SINGAPORE PTE LTD,1,"{('ai', 'w3'): 1}"
sg,LIONSBOT INT PTE LTD,1,"{('ai', 'w3'): 1}"
sg,PT GOTO GOJEK TOKOPEDIA TBK,1,"{('ai', 'w3'): 1}"
sg,EDTECH PLUS PTE LTD,1,"{('ai', 'w3'): 1}"
sg,PROXIMA BETA PTE LTD,1,"{('ai', 'w3'): 1}"
sg,ROKKO SYSTEMS PTE LTD,1,"{('ai', 'w3'): 1}"
sg,WAN HAI LINES SINGAPORE PTE LTD,1,"{('ai', 'w3'): 1}"
sg,CHANGI AIRPORT GROUP SINGAPORE PTE LTD,1,"{('ai', 'w3'): 1}"
sg,Next Opus Ventures LLP,1,"{('ai', 'w3'): 1}"
sg,SP POWERASSETS LTD,1,"{('ai', 'w3'): 1}"
sg,VITRUVIANMD PTE LTD,1,"{('ai', 'w3'): 1}"
sg,AIRBUS SINGAPORE PRIVATE LTD,1,"{('ai', 'w3'): 1}"
sg,IRON HORSE AI PRIVATE LTD,1,"{('ai', 'w3'): 1}"
sg,IRON HORSE AL PRIVATE LTD,1,"{('ai', 'w3'): 1}"
sg,DURAPOWER HOLDINGS PTE LTD,1,"{('ai', 'w3'): 1}"
sg,GLOBALFOUNDRIES SG PTE LTD,1,"{('ai', 'w3'): 1}"
sg,HISHAB SINGAPORE PRIVATE LTD,1,"{('ai', 'w3'): 1}"
sg,ASUS GLOBAL PTE LTD,1,"{('ai', 'w3'): 1}"
sg,FITSON SINGAPORE PTE LTD,1,"{('biomed', 'w1'): 1}"
sg,STEMCELL ESSENTIALS PTE LTD,1,"{('biomed', 'w1'): 1}"
sg,NAT HEART CENTRE SINGAPORE PTE LTD,1,"{('biomed', 'w1'): 1}"
sg,SINGAPORE HEALTH SERVICES PTE,1,"{('biomed', 'w1'): 1}"
sg,SINGAPORE ZE&Z INTERNAT PTE LTD,1,"{('biomed', 'w1'): 1}"
sg,SINGAPORE ZE&ZINTERNATIONAL PTE LTD,1,"{('biomed', 'w1'): 1}"
sg,SG MEDITECH PTE LTD,1,"{('biomed', 'w1'): 1}"
sg,SUPPORT PTE LTD I,1,"{('biomed', 'w1'): 1}"
sg,GET TO KNOW YOUR BRAIN PTE LTD,1,"{('biomed', 'w1'): 1}"
sg,SCI WAVE PTE LTD,1,"{('biomed', 'w1'): 1}"
sg,XERAFY SINGAPORE PTE LTD,1,"{('biomed', 'w1'): 1}"
sg,MHC MEDICAL NETWORK PTE LTD,1,"{('biomed', 'w1'): 1}"
sg,RACER TECHNOLOGY PTE LTD,1,"{('biomed', 'w1'): 1}"
sg,NEXTAN PTE LTD,1,"{('biomed', 'w1'): 1}"
sg,NAT CANCER CT OF SINGAPORE PTE LTD,1,"{('biomed', 'w1'): 1}"
sg,SUNTORY BEVERAGE AND FOOD ASIA PTE LTD,1,"{('biomed', 'w1'): 1}"
sg,FMCG CONSULTING LTD,1,"{('biomed', 'w1'): 1}"
sg,ADVANCED ELECTROACOUSTIC PTE LTD,1,"{('biomed', 'w1'): 1}"
sg,BEAUTY NATION PTE LTD,1,"{('biomed', 'w1'): 1}"
sg,THE BEAUTY NATION PTE LTD,1,"{('biomed', 'w1'): 1}"
sg,NUCLEUS DYNAMICS PTE LTD,1,"{('biomed', 'w1'): 1}"
sg,GOODMAN FIELDER PTE LTD,1,"{('biomed', 'w1'): 1}"
sg,XENTIQ PARTNERS (PTE ) LTD,1,"{('biomed', 'w1'): 1}"
sg,XENTIQ PARTNERS PTE LTD,1,"{('biomed', 'w1'): 1}"
sg,JN MEDSYS PTE LTD,1,"{('biomed', 'w1'): 1}"
sg,CELL ID PTE LTD,1,"{('biomed', 'w1'): 1}"
sg,VIN DE BONA TRADING CO PTE LTD,1,"{('biomed', 'w1'): 1}"
sg,BIOSENSORS INT GROUP LTD,1,"{('biomed', 'w1'): 1}"
sg,STERLING IP PTE LTD,1,"{('biomed', 'w1'): 1}"
sg,R K TECHNOLOGY & INVEST PTE LTD,1,"{('biomed', 'w1'): 1}"
sg,HAISCO INNOVATIVE PHARMACEUTICAL PTE LTD,1,"{('biomed', 'w1'): 1}"
sg,NAT SKIN CENTER (S) PTE LTD,1,"{('biomed', 'w1'): 1}"
sg,NAT SKIN CENTER S PTE LTD,1,"{('biomed', 'w1'): 1}"
sg,NAT SKIN CT S PTE LTD,1,"{('biomed', 'w1'): 1}"
sg,NDR MEDICAL TECHNOLOGY PTE LTD,1,"{('biomed', 'w1'): 1}"
sg,MANLI INT LTD,1,"{('biomed', 'w1'): 1}"
sg,WISEBRACE PTE LTD,1,"{('biomed', 'w1'): 1}"
sg,ARLANXEO SINGAPORE PTE LTD,1,"{('biomed', 'w1'): 1}"
sg,AGRONOSIS PTE LTD,1,"{('biomed', 'w1'): 1}"
sg,AACHEN SCIENT INT PTE LTD,1,"{('biomed', 'w1'): 1}"
sg,ACI MEDICAL PTE LTD,1,"{('biomed', 'w1'): 1}"
sg,Innotech Resources Pte Ltd,1,"{('biomed', 'w1'): 1}"
sg,MCLINICA PTE LTD,1,"{('biomed', 'w1'): 1}"
sg,DRGEORGIALEE PTE LTD,1,"{('biomed', 'w1'): 1}"
sg,AIM BIOTECH PTE LTD,1,"{('biomed', 'w1'): 1}"
sg,CENNERV PHARMA (S) PTE LTD,1,"{('biomed', 'w1'): 1}"
sg,CENNERV PHARMA S PTE LTD,1,"{('biomed', 'w1'): 1}"
sg,JJSK R & D PTE LTD,1,"{('biomed', 'w1'): 1}"
sg,JJSK R AND D PTE LTD,1,"{('biomed', 'w1'): 1}"
sg,JJSK R&D Pte Ltd,1,"{('biomed', 'w1'): 1}"
sg,INNOVFUSION PTE LTD,1,"{('biomed', 'w1'): 1}"
sg,ARROW MED DESIGN PTE LTD,1,"{('biomed', 'w1'): 1}"
sg,ARROW-MED DESIGN PTE LTD,1,"{('biomed', 'w1'): 1}"
sg,SUNTORY BEVERAGE & FOOD ASIA PTE LTD,1,"{('biomed', 'w1'): 1}"
sg,ALGAE GLOBAL CENTER PTE LTD,1,"{('biomed', 'w1'): 1}"
sg,RGE SMART PTE LTD,1,"{('biomed', 'w1'): 1}"
sg,SHANTON PHARMA PTE LTD,1,"{('biomed', 'w1'): 1}"
sg,KAISHI PTE LTD,1,"{('biomed', 'w1'): 1}"
sg,SOMNETICS GLOBAL PTE LTD,1,"{('biomed', 'w1'): 1}"
sg,AVALANCHE STUDIO PTE LTD,1,"{('biomed', 'w1'): 1}"
sg,HYPERGENOMICS PTE LTD,1,"{('biomed', 'w1'): 1}"
sg,UNISTRAWHOLDINGS PTE LTD,1,"{('biomed', 'w1'): 1}"
sg,DIAPER RECYCLING TECH PTE LTD,1,"{('biomed', 'w1'): 1}"
sg,JMEDTECH COATING TECH PTE LTD,1,"{('biomed', 'w1'): 1}"
sg,MICROSFERE PTE LTD,1,"{('biomed', 'w1'): 1}"
sg,KRU ENERGY ASIA PTE LTD,1,"{('biomed', 'w1'): 1}"
sg,VENIA MEDICAL SYSTEMS PTE LTD,1,"{('biomed', 'w1'): 1}"
sg,BIOLIDICS LTD,1,"{('biomed', 'w1'): 1}"
sg,CLEARBRIDGE BIOMEDICS PTE LTD,1,"{('biomed', 'w1'): 1}"
sg,NAMIKI PREC SINGAPORE PTE LTD,1,"{('biomed', 'w1'): 1}"
sg,INNOCIMAB PTE LTD,1,"{('biomed', 'w1'): 1}"
sg,INNOSIMAB PTE LTD,1,"{('biomed', 'w1'): 1}"
sg,G NIUS PTE LTD,1,"{('biomed', 'w1'): 1}"
sg,EASTERN HEALTH ALLIANCE PTE LTD,1,"{('biomed', 'w1'): 1}"
sg,EINS TECH PTE LTD,1,"{('biomed', 'w1'): 1}"
sg,CONTINALE MEDICAL PTE LTD,1,"{('biomed', 'w1'): 1}"
sg,CALIGNER PTE LTD,1,"{('biomed', 'w1'): 1}"
sg,MOBIAIR PTE LTD,1,"{('biomed', 'w1'): 1}"
sg,WILMAR TRADING PTE LTD,1,"{('biomed', 'w1'): 1}"
sg,CYCLECT ELECTRICAL ENG PTE LTD,1,"{('biomed', 'w1'): 1}"
sg,GLOBAL GENE CORP PTE LTD,1,"{('biomed', 'w1'): 1}"
sg,TREK TECH (S) PTE LTD,1,"{('biomed', 'w1'): 1}"
sg,TREK TECH S PTE LTD,1,"{('biomed', 'w1'): 1}"
sg,ASIA BIOTECH PTE LTD,1,"{('biomed', 'w1'): 1}"
sg,COCONUTZ PTE LTD,1,"{('biomed', 'w1'): 1}"
sg,MEDIPURPOSE PTE LTD,1,"{('biomed', 'w1'): 1}"
sg,TREK 2000 INT LTD,1,"{('biomed', 'w1'): 1}"
sg,PRIMEDENT PTE LTD,1,"{('biomed', 'w1'): 1}"
sg,ILUMINA SINGAPORE PTE LTD,1,"{('biomed', 'w1'): 1}"
sg,CLEARBRIDGE BIOPHOTONICS PTE LTD,1,"{('biomed', 'w1'): 1}"
sg,SYNPHNE PTE LTD,1,"{('biomed', 'w1'): 1}"
sg,NITTO DENKO ASIA TECHNICAL CENTRE PTE LTD,1,"{('biomed', 'w1'): 1}"
sg,ABM RESPIRATORY CARE PTE LTD,1,"{('biomed', 'w1'): 1}"
sg,ADVANCED BIO MACHINES PTE LTD,1,"{('biomed', 'w1'): 1}"
sg,BIOMERS PTE LTD,1,"{('biomed', 'w1'): 1}"
sg,MIRACLE MAN PTE LTD,1,"{('biomed', 'w1'): 1}"
sg,INSPIRATE MEDICAL PTE LTD,1,"{('biomed', 'w1'): 1}"
sg,ACHROMAZ PTE LTD,1,"{('biomed', 'w1'): 1}"
sg,NAMZ PTE LTD,1,"{('biomed', 'w1'): 1}"
sg,APEIRON TECH PTE LTD,1,"{('biomed', 'w1'): 1}"
sg,LEEWARD PACIFIC PTE LTD,1,"{('biomed', 'w1'): 1}"
sg,LYNXEMI PRIVATE LTD,1,"{('biomed', 'w1'): 1}"
sg,LYNXEMI PTE LTD,1,"{('biomed', 'w1'): 1}"
sg,PROCTER & GAMBLE,1,"{('biomed', 'w1'): 1}"
sg,SMARTMISSIMO TECH PTE LTD,1,"{('biomed', 'w1'): 1}"
sg,NAT HEALTHCARE GROUP,1,"{('biomed', 'w1'): 1}"
sg,PARAMEVIA PTE LTD,1,"{('biomed', 'w1'): 1}"
sg,SIMPHARMA PTE LTD,1,"{('biomed', 'w1'): 1}"
sg,PEDRA TECH PTE LTD,1,"{('biomed', 'w1'): 1}"
sg,OXION PTE LTD,1,"{('biomed', 'w1'): 1}"
sg,ANGSANA MOLECULAR AND DIAGNOSTICS LABORATORY PTE LTD,1,"{('biomed', 'w1'): 1}"
sg,LUMINICELL PTE LTD,1,"{('biomed', 'w1'): 1}"
sg,RIGHT POSTURE PTE LTD,1,"{('biomed', 'w1'): 1}"
sg,SINGAPORE HEALTH SERVCIES PTE LTD,1,"{('biomed', 'w1'): 1}"
sg,SINGAPORE HEALTH SERVICES PTEL LTD,1,"{('biomed', 'w1'): 1}"
sg,MITROL BIOLOGIC PTE LTD,1,"{('biomed', 'w1'): 1}"
sg,MITROL TECH PTE LTD,1,"{('biomed', 'w1'): 1}"
sg,DETLA ELECTRONICS INTL SINGAPORE PTE LTD,1,"{('biomed', 'w1'): 1}"
sg,BLUE AQUA INT PTE LTD,1,"{('biomed', 'w1'): 1}"
sg,VAC4ALL PTE LTD,1,"{('biomed', 'w1'): 1}"
sg,MACHNET SG PTE LTD,1,"{('biomed', 'w1'): 1}"
sg,VIATRIS ASIA PACIFIC PTD LTD,1,"{('biomed', 'w1'): 1}"
sg,INHIBIO BIOSCIENCE PTE LTD,1,"{('biomed', 'w1'): 1}"
sg,Silanna UV Technologies Pte Ltd,1,"{('biomed', 'w1'): 1}"
sg,JCS Biotech Ptd Ltd,1,"{('biomed', 'w1'): 1}"
sg,SECQURE SURGICAL PTE LTD,1,"{('biomed', 'w1'): 1}"
sg,BIOSYNGEN PTE LTD,1,"{('biomed', 'w1'): 1}"
sg,HEALTHLINK PROTOCOL PTE LTD,1,"{('biomed', 'w1'): 1}"
sg,VISRE PTE LTD,1,"{('biomed', 'w1'): 1}"
sg,NSP TECH PTE LTD,1,"{('biomed', 'w1'): 1}"
sg,PUMPABLES PTE LTD,1,"{('biomed', 'w1'): 1}"
sg,NICAE SINGAPORE PTE LTD,1,"{('biomed', 'w1'): 1}"
sg,IKO PTE LTD,1,"{('biomed', 'w1'): 1}"
sg,FULLERTON HEALTHCARE GROUP PTE LTD,1,"{('biomed', 'w1'): 1}"
sg,MyDoc Pte Ltd,1,"{('biomed', 'w1'): 1}"
sg,POWER OF PLATELETS PTE LTD,1,"{('biomed', 'w1'): 1}"
sg,HUMANBODY SPACE AI MEDTECH GROUP PTE LTD,1,"{('biomed', 'w1'): 1}"
sg,SINGHEALTH SERVICES PTE LTD,1,"{('biomed', 'w1'): 1}"
sg,NEPHTECH PTE LTD,1,"{('biomed', 'w1'): 1}"
sg,AEA INT HOLDINGS PTE LTD,1,"{('biomed', 'w1'): 1}"
sg,BIOCEUTICALS PTE LTD,1,"{('biomed', 'w1'): 1}"
sg,AITREAT PTE LTD,1,"{('biomed', 'w1'): 1}"
sg,Global Healthcare SG Pte Ltd,1,"{('biomed', 'w1'): 1}"
sg,MOBILE HEALTH PTE LTD,1,"{('biomed', 'w1'): 1}"
sg,MDESIGN SOLUTIONS PTE LTD,1,"{('biomed', 'w3'): 1}"
sg,SMITH NEPHEW ASIA PACIFIC PTE LTD,1,"{('biomed', 'w3'): 1}"
sg,TYCHAN PTE LTD,1,"{('biomed', 'w3'): 1}"
sg,STEP SURGICAL PTE LTD,1,"{('biomed', 'w3'): 1}"
sg,CLEARLAB SG PTE LTD,1,"{('biomed', 'w3'): 1}"
sg,SEE MODE TECH PTE LTD,1,"{('biomed', 'w3'): 1}"
sg,ST ENGINEERING ADVANCED MAT ENGINEERING PTE LTD,1,"{('biomed', 'w3'): 1}"
sg,SPOROGENICS PTE LTD,1,"{('biomed', 'w3'): 1}"
sg,INNOVENT BIOLOGICS SINGAPORE CO LTD,1,"{('biomed', 'w3'): 1}"
sg,CHAMPS INNOVATIONS PTE LTD,1,"{('biomed', 'w3'): 1}"
sg,JLWH PTE LTD,1,"{('biomed', 'w3'): 1}"
sg,PTS TECH PTE LIMITED,1,"{('biomed', 'w3'): 1}"
sg,PTS TECH PTE LTD,1,"{('biomed', 'w3'): 1}"
sg,POLYWIN PTE LTD,1,"{('biomed', 'w3'): 1}"
sg,BIOCOZ GLOBAL PTE LTD,1,"{('biomed', 'w3'): 1}"
sg,RHEA GENETICS PTE LTD,1,"{('biomed', 'w3'): 1}"
sg,ANKON TECHNOLOGIES CO LTD,1,"{('biomed', 'w3'): 1}"
sg,SMITH & NEPHEW ASIA PACIFIC PTE LIIMITED,1,"{('biomed', 'w3'): 1}"
sg,23 IKIGAI PTE LTD,1,"{('biomed', 'w3'): 1}"
sg,TSG THERAPEUTICS PTE LTD,1,"{('biomed', 'w3'): 1}"
sg,NANOCLEAN S PTE LTD,1,"{('biomed', 'w3'): 1}"
sg,ASIA GENOMICS PTE LTD,1,"{('biomed', 'w3'): 1}"
sg,ACUMEN RES LABORATORIES PTE LTD,1,"{('biomed', 'w3'): 1}"
sg,SELF IE ENTERPRISE PRIVATE LTD,1,"{('biomed', 'w3'): 1}"
sg,INTRA IMMUSG PRIVATE LTD,1,"{('biomed', 'w3'): 1}"
sg,INTRA IMMUSG PRIVATE LTD SG,1,"{('biomed', 'w3'): 1}"
sg,SOFT SENSE LIFE TECH PTE LTD,1,"{('biomed', 'w3'): 1}"
sg,AEVICE HEALTH PTE LTD,1,"{('biomed', 'w3'): 1}"
sg,OTSAW DIGITAL PTE LTD,1,"{('biomed', 'w3'): 1}"
sg,JELLICE PIONEER PRIVATE LTD TAIWAN BRANCH SINGAPORE,1,"{('biomed', 'w3'): 1}"
sg,NERVOTEC PTE LTD,1,"{('biomed', 'w3'): 1}"
sg,GASHUBUNITED UTILITY PTE LTD,1,"{('biomed', 'w3'): 1}"
sg,LONGRUNN MEDICAL FOOD PTE LTD,1,"{('biomed', 'w3'): 1}"
sg,TECHNOLITE SINGAPORE PTE LTD,1,"{('biomed', 'w3'): 1}"
sg,NDR MEDICAL TECH PRIVATE LIMITED,1,"{('biomed', 'w3'): 1}"
sg,CHUGAI PHARMABODY RES PTE LTD,1,"{('biomed', 'w3'): 1}"
sg,HELAXY INC,1,"{('biomed', 'w3'): 1}"
sg,CJ TECH HOLDINGS PTE LTD,1,"{('biomed', 'w3'): 1}"
sg,CHISCAN HOLDING PTE LTD,1,"{('biomed', 'w3'): 1}"
sg,RIWAY SINGAPORE PTE LTD,1,"{('biomed', 'w3'): 1}"
sg,PYROBETT PTE LTD,1,"{('biomed', 'w3'): 1}"
sg,LIGERA RES PTE LTD,1,"{('biomed', 'w3'): 1}"
sg,SURECLEAN PTE LTD,1,"{('biomed', 'w3'): 1}"
sg,HOOW FOODS PTE LTD,1,"{('biomed', 'w3'): 1}"
sg,NAVAD LIFE SCIENCES PTE LTD,1,"{('biomed', 'w3'): 1}"
sg,Navad Life Sciences Pte,1,"{('biomed', 'w3'): 1}"
sg,MEDKLINN TECH PTE LTD,1,"{('biomed', 'w3'): 1}"
sg,PLANEAT FOODS PTE LTD,1,"{('biomed', 'w3'): 1}"
sg,ANX ANX IP HOLDING PTE LTD,1,"{('biomed', 'w3'): 1}"
sg,IOLERA HOLDINGS PTE LTD,1,"{('biomed', 'w3'): 1}"
sg,IMMUNOA PTE LTD,1,"{('biomed', 'w3'): 1}"
sg,THE CHLOROPLASTPTE LTD,1,"{('biomed', 'w3'): 1}"
sg,ANTS INNOVATE PTE LTD,1,"{('biomed', 'w3'): 1}"
sg,MEIBAN GROUP PTE LTD,1,"{('biomed', 'w3'): 1}"
sg,HUMMINGBIRD BIOSCIENCE HOLDINGS LTD,1,"{('biomed', 'w3'): 1}"
sg,QUANTUMTX PTE LTD,1,"{('biomed', 'w3'): 1}"
sg,PROHIBITION X PTE LTD,1,"{('biomed', 'w3'): 1}"
sg,MAGNEXT LIFE SCIENCE PTE LTD,1,"{('biomed', 'w3'): 1}"
sg,NEUOME PEPTIDES PTE LTD,1,"{('biomed', 'w3'): 1}"
sg,ZERO2 5 BIOTECH PTE LTD,1,"{('biomed', 'w3'): 1}"
sg,KAHA PTE LTD,1,"{('biomed', 'w3'): 1}"
sg,TURTLETREE LABS PTE LTD,1,"{('biomed', 'w3'): 1}"
sg,SOPHIE?S BIONUTRIENTS PTE LTD,1,"{('biomed', 'w3'): 1}"
sg,AKUNAH REFLECT PRIVATE LTD,1,"{('biomed', 'w3'): 1}"
sg,EMM DIAGNOSTICS PTE LTD,1,"{('biomed', 'w3'): 1}"
sg,DIALYSS PTE LTD,1,"{('biomed', 'w3'): 1}"
sg,NEXTKIDNEY SG PTE LTD,1,"{('biomed', 'w3'): 1}"
sg,HUIDAGENE THERAPEUTICS PTE LTD,1,"{('biomed', 'w3'): 1}"
sg,HICC PTE LTD,1,"{('biomed', 'w3'): 1}"
sg,DOTBIO PTE LTD,1,"{('biomed', 'w3'): 1}"
sg,ALMENDRA PTE LTD,1,"{('biomed', 'w3'): 1}"
sg,Nalagenetics Pte Ltd,1,"{('biomed', 'w3'): 1}"
sg,AFFINIDI PTE LTD,1,"{('biomed', 'w3'): 1}"
sg,DIFFERENCE BIOTECH PTE LTD,1,"{('biomed', 'w3'): 1}"
sg,ROLLING PASTURES PTE LTD,1,"{('biomed', 'w3'): 1}"
sg,CIRCULAR IND HOLDING PTE LTD,1,"{('biomed', 'w3'): 1}"
sg,SGPTH Life Science AB,1,"{('biomed', 'w3'): 1}"
sg,PHOSKA BIOPHARMA PTE LTD,1,"{('biomed', 'w3'): 1}"
sg,BORRIES PTE LTD,1,"{('biomed', 'w3'): 1}"
sg,KKT TECH PTE LTD,1,"{('biomed', 'w3'): 1}"
sg,NANYANG BIOLOGICS PTE LTD,1,"{('biomed', 'w3'): 1}"
sg,GRAND ADVANCE TECH PTE LTD,1,"{('biomed', 'w3'): 1}"
sg,REXADVANCE TECH PTE LTD,1,"{('biomed', 'w3'): 1}"
sg,AI KAIGO PTE LTD,1,"{('biomed', 'w3'): 1}"
sg,NICE SURGICAL SOLUTIONS PTE LTD,1,"{('biomed', 'w3'): 1}"
sg,GENEJUNCTION PTE LTD,1,"{('biomed', 'w3'): 1}"
sg,ALBIUS SCIENCES ALPHA PRIVATE LTD,1,"{('biomed', 'w3'): 1}"
sg,GODEVA PTE LTD,1,"{('biomed', 'w3'): 1}"
sg,TRIA PTE LTD,1,"{('biomed', 'w3'): 1}"
sg,LIECHO ADVANCED MAT PTE LTD,1,"{('biomed', 'w3'): 1}"
sg,VERTICAL OCEANS PTE LTD,1,"{('biomed', 'w3'): 1}"
sg,NUSMETICS PTE LTD,1,"{('biomed', 'w3'): 1}"
sg,FIBROSOFT PTE LTD,1,"{('biomed', 'w3'): 1}"
sg,OREMI AI PRIVATE LTD,1,"{('biomed', 'w3'): 1}"
sg,IPLENA PTE LTD,1,"{('biomed', 'w3'): 1}"
sg,SPECTRUMEDICS INT PTE LTD,1,"{('biomed', 'w3'): 1}"
sg,Biotix PTE LTD,1,"{('biomed', 'w3'): 1}"
sg,VIVO SURGICAL PRIVATE LTD,1,"{('biomed', 'w3'): 1}"
sg,CASBIO S PTE LTD,1,"{('biomed', 'w3'): 1}"
sg,NUEVOCOR PTE LTD,1,"{('biomed', 'w3'): 1}"
sg,LIVIUS PTE LTD,1,"{('biomed', 'w3'): 1}"
sg,MITSUI CHEMICALS INC,1,"{('biomed', 'w3'): 1}"
sg,ADVANCED INSTR PTE LTD,1,"{('biomed', 'w3'): 1}"
sg,PENG CHENG ADVERSORY & CONSULTANCY SINGAPORE PTE LTD,1,"{('biomed', 'w3'): 1}"
sg,STARSHOT PTE LTD,1,"{('biomed', 'w3'): 1}"
sg,LEICA INSTR SINGAPORE 84 PTE LTD,1,"{('biomed', 'w3'): 1}"
sg,DH TECH DEVEKIONENT PTE LTD,1,"{('biomed', 'w3'): 1}"
sg,AXCYNSIS THERAPEUTICS PTE LTD,1,"{('biomed', 'w3'): 1}"
sg,Avida Health Pte Ltd,1,"{('biomed', 'w3'): 1}"
sg,NATURAL TRACE PTE LTD,1,"{('biomed', 'w3'): 1}"
sg,INTERVAAL PTE LTD,1,"{('biomed', 'w3'): 1}"
sg,FERMATICS PTE LTD,1,"{('biomed', 'w3'): 1}"
sg,PHYX44 PTE LTD,1,"{('biomed', 'w3'): 1}"
sg,PANTHERA LABS PTE LTD,1,"{('biomed', 'w3'): 1}"
sg,DR CLEAR PTE LTD,1,"{('biomed', 'w3'): 1}"
sg,BARK TECH PTE LTD,1,"{('biomed', 'w3'): 1}"
sg,CMT HEALTH PTE LTD,1,"{('biomed', 'w3'): 1}"
sg,SINGAPORE MEDSENSE TECH PTE LTD,1,"{('biomed', 'w3'): 1}"
sg,MANN HUMMEL LIFE SCIENCES & ENV HOLDING SINGAPORE PTE LTD,1,"{('biomed', 'w3'): 1}"
sg,SAFEJECT INT PTE LTD,1,"{('biomed', 'w3'): 1}"
sg,PHARWAR BIOTECHNOLOGY INC PTE LTD,1,"{('biomed', 'w3'): 1}"
sg,PHARWARD BIOTECHNOLOGY INC PTE LTD,1,"{('biomed', 'w3'): 1}"
sg,AIMITARI RES PTE LTD,1,"{('biomed', 'w3'): 1}"
sg,UNICITY PROPERTIES INC,1,"{('biomed', 'w3'): 1}"
sg,FLEXOSENSE PTE LTD,1,"{('biomed', 'w3'): 1}"
sg,LAMBDAGEN PTE LTD,1,"{('biomed', 'w3'): 1}"
sg,CUEZEN INC,1,"{('biomed', 'w3'): 1}"
sg,TECHMED HEALTH PTE LTD,1,"{('biomed', 'w3'): 1}"
sg,ALBATROZ THERAPEUTICS PTE LTD,1,"{('biomed', 'w3'): 1}"
sg,BIOCELL INNOVATIONS PTE LTD,1,"{('biomed', 'w3'): 1}"
sg,OSTEOPORE INT PTE LTD,1,"{('biomed', 'w3'): 1}"
sg,HICURA MEDICAL PTE LTD,1,"{('biomed', 'w3'): 1}"
sg,EVERTRON HOLDINGS PTE LTD,1,"{('biomed', 'w3'): 1}"
sg,DENKA LIFE INNOVATION RES PTE LTD,1,"{('biomed', 'w3'): 1}"
sg,MICROTUBE TECH PTE LTD,1,"{('biomed', 'w3'): 1}"
sg,BRIGHTGENE PTE LTD,1,"{('biomed', 'w3'): 1}"
sg,WISTA LABORATORIES LTD,1,"{('biomed', 'w3'): 1}"
sg,BLUE PLANET ENV SOLUTION PTE LTD,1,"{('biomed', 'w3'): 1}"
sg,BLUE PLANET ENV SOLUTIONS PTE LTD,1,"{('biomed', 'w3'): 1}"
sg,MAMAME WHOLE FOODS PTE LTD,1,"{('biomed', 'w3'): 1}"
sg,SINGAPORE INNOVATE PTE LTD,1,"{('biomed', 'w3'): 1}"
sg,BIOSENSE DIAGNOSTICS PTE LTD,1,"{('biomed', 'w3'): 1}"
sg,CORTI THERAPEUTICS PTE LTD,1,"{('biomed', 'w3'): 1}"
sg,VVB BIO PTE LTD,1,"{('biomed', 'w3'): 1}"
sg,ROCK & HERB PTE LTD,1,"{('biomed', 'w3'): 1}"
sg,Float Foods Pte Ltd,1,"{('biomed', 'w3'): 1}"
sg,DIPTECH PTE LTD,1,"{('biomed', 'w3'): 1}"
sg,DELIGHTEX PTE LTD,1,"{('biomed', 'w3'): 1}"
sg,ZENO THERAPEUTICS PTE LTD,1,"{('biomed', 'w3'): 1}"
sg,Xenolis Pte Ltd,1,"{('biomed', 'w3'): 1}"
sg,HEMO BIOENGINEERING PTE LTD,1,"{('biomed', 'w3'): 1}"
sg,SIIX AGT MEDTECH PTE LTD,1,"{('biomed', 'w3'): 1}"
sg,FSC TECH PTE LTD,1,"{('biomed', 'w3'): 1}"
sg,ROBOGENIX MEDICAL SINGAPORE PTE LTD,1,"{('biomed', 'w3'): 1}"
sg,WILMAR INT LTD,1,"{('biomed', 'w3'): 1}"
sg,BOXTHREE PTE LTD,1,"{('biomed', 'w3'): 1}"
sg,PRIVITI PTE LTD,1,"{('fintech', 'w1'): 1}"
sg,CHIKKA PTE LTD,1,"{('fintech', 'w1'): 1}"
sg,DRAGONFLY FINTECH PTE LTD,1,"{('fintech', 'w1'): 1}"
sg,MEDIUM ACCESS SYSTEMS PRIVATE LTD,1,"{('fintech', 'w1'): 1}"
sg,TELECOM EQUIPMENT PTE LTD,1,"{('fintech', 'w1'): 1}"
sg,NUMONI PTE LTD,1,"{('fintech', 'w1'): 1}"
sg,MASTERCARD AISA/PACIFIC PTE LTD,1,"{('fintech', 'w1'): 1}"
sg,MSC CONSULTING (S) PTE LTD,1,"{('fintech', 'w1'): 1}"
sg,MSC CONSULTING S PTE LTD,1,"{('fintech', 'w1'): 1}"
sg,AVENNETZ TECHNOLOGIES PTE LTD,1,"{('fintech', 'w1'): 1}"
sg,HANERA PTE LTD,1,"{('fintech', 'w1'): 1}"
sg,comGateway (S) Pte Ltd,1,"{('fintech', 'w1'): 1}"
sg,VIGILANTECH PTE LTD,1,"{('fintech', 'w1'): 1}"
sg,RED DOT PAYMENT PTE LTD,1,"{('fintech', 'w1'): 1}"
sg,AVAGO TECH INTERNATIONAL SALES PTE LIMITE,1,"{('fintech', 'w1'): 1}"
sg,VOUCHER ACTIVATION IP SERVICES PTE LTD,1,"{('fintech', 'w1'): 1}"
sg,SUN SINGAPORE SYSTEMS PTE LTD,1,"{('fintech', 'w1'): 1}"
sg,CREDIT SUISSE AG SINGAPORE BRANCH,1,"{('fintech', 'w1'): 1}"
sg,AMPLE SUSTAINABLE BRANDS PTE LTD,1,"{('fintech', 'w1'): 1}"
sg,ALTERNATIVE CAPITAL SOLUTIONS PTE LTD,1,"{('fintech', 'w1'): 1}"
sg,UTIBA PTE LTD,1,"{('fintech', 'w1'): 1}"
sg,ZECO SYSTEMS PTD LTD,1,"{('fintech', 'w1'): 1}"
sg,ZECO SYSTEMS PTE LTD,1,"{('fintech', 'w1'): 1}"
sg,TOUREGO GLOBAL PTE LTD,1,"{('fintech', 'w1'): 1}"
sg,SINGAPORE TELECOMM LTD,1,"{('fintech', 'w1'): 1}"
sg,TSLC PTE LTD,1,"{('fintech', 'w1'): 1}"
sg,APTUS BUSINESS LOGIC PTE LTD,1,"{('fintech', 'w1'): 1}"
sg,M-DAQ PTE LTD,1,"{('fintech', 'w1'): 1}"
sg,FOX GLACIER ASSET MAN LLC,1,"{('fintech', 'w1'): 1}"
sg,FOX GLACIER ASSET MAN INC,1,"{('fintech', 'w1'): 1}"
sg,EINNOVATIONS HOLDING PTE LTD,1,"{('fintech', 'w1'): 1}"
sg,LINXENS SINGAPORE PTE LTD,1,"{('fintech', 'w1'): 1}"
sg,LIQUID GROUP PTE LTD,1,"{('fintech', 'w1'): 1}"
sg,UIB HOLDINGS PTE LTD,1,"{('fintech', 'w1'): 1}"
sg,UIB HOLDINGS PTE LTE,1,"{('fintech', 'w1'): 1}"
sg,OSLABB PTE LTD,1,"{('fintech', 'w1'): 1}"
sg,AIMAZING PTE LTD,1,"{('fintech', 'w1'): 1}"
sg,LOYALTY ADVANTAGE PTE LTD,1,"{('fintech', 'w1'): 1}"
sg,Cyber Armor Pte Ltd,1,"{('fintech', 'w1'): 1}"
sg,MANJALINK PTE LTD,1,"{('fintech', 'w1'): 1}"
sg,VERRENCY HOLDINGS PTE LTD,1,"{('fintech', 'w1'): 1}"
sg,ZENSUNG PTE LTD,1,"{('fintech', 'w1'): 1}"
sg,FASTACASH PTE LTD,1,"{('fintech', 'w1'): 1}"
sg,JOYME PTE LTD,1,"{('fintech', 'w1'): 1}"
sg,FUNDNICE PTE LTD,1,"{('fintech', 'w1'): 1}"
sg,LENDDO PTE LTD,1,"{('fintech', 'w1'): 1}"
sg,VESL PTE LTD,1,"{('fintech', 'w1'): 1}"
sg,DIGITAL ALPHA GROUP PTE LTD,1,"{('fintech', 'w1'): 1}"
sg,1CITADEL PTE LTD,1,"{('fintech', 'w1'): 1}"
sg,ASCENT SOLUTIONS PTE LTD,1,"{('fintech', 'w1'): 1}"
sg,BELLION CLOFE TECH PTE LTD,1,"{('fintech', 'w1'): 1}"
sg,GATE INFORMATION PTE LTD,1,"{('fintech', 'w3'): 1}"
sg,PARALLELCHAIN LAB PRIVATE LTD,1,"{('fintech', 'w3'): 1}"
sg,ORAICHAIN PTE LTD,1,"{('fintech', 'w3'): 1}"
sg,THE HONGKONG AND SHANGHAI BANKING CORPORATION LTD,1,"{('fintech', 'w3'): 1}"
sg,SOCASH PTE LTD,1,"{('fintech', 'w3'): 1}"
sg,FORIS TECH PTE LTD,1,"{('fintech', 'w3'): 1}"
sg,HDR SG PTE LTD,1,"{('fintech', 'w3'): 1}"
sg,ECOMMERCE ENABLERS PTE LTD,1,"{('fintech', 'w3'): 1}"
sg,PROVIDEND LTD,1,"{('fintech', 'w3'): 1}"
sg,GivePlease Pte Ltd,1,"{('fintech', 'w3'): 1}"
sg,JAVIS Holdings Pte Ltd,1,"{('fintech', 'w3'): 1}"
sg,MBP INSIGHTS INC,1,"{('fintech', 'w3'): 1}"
sg,LYVES HATCHER PTE LTD,1,"{('fintech', 'w3'): 1}"
sg,LYTE VENTURES PTE LTD,1,"{('fintech', 'w3'): 1}"
sg,METAVERSE GREEN EXCHANGE PTE LTD,1,"{('fintech', 'w3'): 1}"
sg,EDDE PTE LTD,1,"{('fintech', 'w3'): 1}"
sg,BLACKPANDA PTE LTD,1,"{('fintech', 'w3'): 1}"
sg,LENOVO SINGAPORE LTD,1,"{('fintech', 'w3'): 1}"
sg,BIT TRAP PTE LTD,1,"{('fintech', 'w3'): 1}"
sg,RIDY PTE LTD,1,"{('fintech', 'w3'): 1}"
sg,DYNASTY ESPORTS PTE LTD,1,"{('fintech', 'w3'): 1}"
sg,KANZBITAQA PTE LTD,1,"{('fintech', 'w3'): 1}"
sg,M LEAGUE LTD,1,"{('fintech', 'w3'): 1}"
sg,AIO TECH RESERVE PTE LTD,1,"{('fintech', 'w3'): 1}"
sg,KAEO TECH PTE LTD,1,"{('fintech', 'w3'): 1}"
sg,VISAK FINANCIAL TECH PTE LTD,1,"{('fintech', 'w3'): 1}"
sg,WINDY HILL PTE LTD,1,"{('fintech', 'w3'): 1}"
sg,SUPERSYMMETRY PTE LTD,1,"{('fintech', 'w3'): 1}"
sg,STF LABS PTE LTD,1,"{('fintech', 'w3'): 1}"
sg,ORIENT G PTE LTD,1,"{('fintech', 'w3'): 1}"
sg,ALPACA RES PTE LTD,1,"{('fintech', 'w3'): 1}"
sg,CLIMATE RESOURCES EXCHANGE INT PTE LTD,1,"{('fintech', 'w3'): 1}"
sg,SUN MOBILITY PTE LTD,1,"{('fintech', 'w3'): 1}"
sg,DOOOGA TEC PTE LTD,1,"{('fintech', 'w3'): 1}"
sg,DESIWE TECH PTE LTD,1,"{('fintech', 'w3'): 1}"
sg,GMO GLOBALSIGN PTE LTD,1,"{('fintech', 'w3'): 1}"
sg,INCOME INSURANCE LTD,1,"{('fintech', 'w3'): 1}"
