city,quarter,sponsor_class,count
hk,2015Q1,INDUSTRY,11
hk,2015Q1,NIH,1
hk,2015Q1,OTHER,30
hk,2015Q2,FED,1
hk,2015Q2,INDUSTRY,15
hk,2015Q2,OTHER,26
hk,2015Q3,INDUSTRY,16
hk,2015Q3,OTHER,19
hk,2015Q4,INDUSTRY,23
hk,2015Q4,OTHER,20
hk,2016Q1,INDUSTRY,17
hk,2016Q1,OTHER,27
hk,2016Q2,INDUSTRY,19
hk,2016Q2,OTHER,30
hk,2016Q3,INDUSTRY,17
hk,2016Q3,OTHER,25
hk,2016Q4,INDUSTRY,17
hk,2016Q4,OTHER,34
hk,2017Q1,INDUSTRY,24
hk,2017Q1,NETWORK,1
hk,2017Q1,OTHER,32
hk,2017Q2,INDUSTRY,21
hk,2017Q2,OTHER,50
hk,2017Q3,INDUSTRY,8
hk,2017Q3,OTHER,61
hk,2017Q3,OTHER_GOV,1
hk,2017Q4,INDUSTRY,20
hk,2017Q4,OTHER,58
hk,2017Q4,OTHER_GOV,1
hk,2018Q1,INDUSTRY,19
hk,2018Q1,OTHER,36
hk,2018Q2,INDUSTRY,26
hk,2018Q2,OTHER,29
hk,2018Q2,OTHER_GOV,1
hk,2018Q3,INDUSTRY,26
hk,2018Q3,OTHER,74
hk,2018Q3,OTHER_GOV,1
hk,2018Q4,INDUSTRY,20
hk,2018Q4,OTHER,58
hk,2019Q1,INDUSTRY,17
hk,2019Q1,OTHER,65
hk,2019Q1,OTHER_GOV,2
hk,2019Q2,INDUSTRY,19
hk,2019Q2,NETWORK,3
hk,2019Q2,OTHER,64
hk,2019Q3,INDUSTRY,27
hk,2019Q3,OTHER,78
hk,2019Q3,OTHER_GOV,5
hk,2019Q4,INDUSTRY,16
hk,2019Q4,OTHER,67
hk,2019Q4,OTHER_GOV,1
hk,2020Q1,INDUSTRY,22
hk,2020Q1,NETWORK,1
hk,2020Q1,OTHER,59
hk,2020Q1,OTHER_GOV,1
hk,2020Q2,INDUSTRY,20
hk,2020Q2,OTHER,74
hk,2020Q2,OTHER_GOV,3
hk,2020Q3,INDUSTRY,29
hk,2020Q3,NIH,1
hk,2020Q3,OTHER,64
hk,2020Q3,OTHER_GOV,2
hk,2020Q4,INDUSTRY,26
hk,2020Q4,OTHER,70
hk,2020Q4,OTHER_GOV,2
hk,2021Q1,INDUSTRY,30
hk,2021Q1,OTHER,60
hk,2021Q1,OTHER_GOV,1
hk,2021Q2,INDUSTRY,18
hk,2021Q2,OTHER,90
hk,2021Q3,INDUSTRY,24
hk,2021Q3,OTHER,64
hk,2021Q4,INDUSTRY,24
hk,2021Q4,OTHER,60
hk,2022Q1,INDUSTRY,25
hk,2022Q1,NETWORK,1
hk,2022Q1,OTHER,69
hk,2022Q2,INDUSTRY,28
hk,2022Q2,OTHER,92
hk,2022Q2,OTHER_GOV,2
hk,2022Q3,INDUSTRY,16
hk,2022Q3,OTHER,90
hk,2022Q3,OTHER_GOV,1
hk,2022Q4,INDUSTRY,19
hk,2022Q4,OTHER,68
hk,2022Q4,OTHER_GOV,1
hk,2023Q1,INDUSTRY,10
hk,2023Q1,OTHER,80
hk,2023Q2,INDUSTRY,21
hk,2023Q2,OTHER,77
hk,2023Q2,OTHER_GOV,1
hk,2023Q3,INDUSTRY,19
hk,2023Q3,NIH,1
hk,2023Q3,OTHER,58
hk,2023Q4,INDUSTRY,26
hk,2023Q4,OTHER,81
hk,2023Q4,OTHER_GOV,1
hk,2024Q1,INDUSTRY,22
hk,2024Q1,NETWORK,1
hk,2024Q1,OTHER,85
hk,2024Q1,OTHER_GOV,1
hk,2024Q2,INDUSTRY,29
hk,2024Q2,OTHER,90
hk,2024Q2,OTHER_GOV,1
hk,2024Q3,INDUSTRY,18
hk,2024Q3,OTHER,76
hk,2024Q3,OTHER_GOV,1
hk,2024Q4,INDUSTRY,31
hk,2024Q4,OTHER,77
hk,2024Q4,OTHER_GOV,2
sg,2015Q1,INDUSTRY,20
sg,2015Q1,NETWORK,1
sg,2015Q1,NIH,1
sg,2015Q1,OTHER,19
sg,2015Q1,OTHER_GOV,3
sg,2015Q2,INDUSTRY,14
sg,2015Q2,OTHER,14
sg,2015Q2,OTHER_GOV,1
sg,2015Q3,INDUSTRY,17
sg,2015Q3,OTHER,15
sg,2015Q3,OTHER_GOV,4
sg,2015Q4,INDUSTRY,27
sg,2015Q4,OTHER,14
sg,2015Q4,OTHER_GOV,4
sg,2016Q1,INDUSTRY,12
sg,2016Q1,OTHER,19
sg,2016Q1,OTHER_GOV,4
sg,2016Q2,INDUSTRY,21
sg,2016Q2,NIH,1
sg,2016Q2,OTHER,37
sg,2016Q2,OTHER_GOV,5
sg,2016Q3,INDUSTRY,21
sg,2016Q3,OTHER,19
sg,2016Q3,OTHER_GOV,2
sg,2016Q4,INDUSTRY,28
sg,2016Q4,OTHER,14
sg,2016Q4,OTHER_GOV,6
sg,2017Q1,INDUSTRY,28
sg,2017Q1,OTHER,24
sg,2017Q1,OTHER_GOV,3
sg,2017Q2,INDUSTRY,22
sg,2017Q2,NETWORK,1
sg,2017Q2,OTHER,35
sg,2017Q2,OTHER_GOV,5
sg,2017Q3,INDUSTRY,15
sg,2017Q3,OTHER,31
sg,2017Q3,OTHER_GOV,7
sg,2017Q4,INDUSTRY,25
sg,2017Q4,OTHER,21
sg,2017Q4,OTHER_GOV,2
sg,2018Q1,INDUSTRY,16
sg,2018Q1,OTHER,39
sg,2018Q1,OTHER_GOV,7
sg,2018Q2,INDUSTRY,15
sg,2018Q2,OTHER,27
sg,2018Q2,OTHER_GOV,6
sg,2018Q3,INDUSTRY,34
sg,2018Q3,OTHER,30
sg,2018Q3,OTHER_GOV,8
sg,2018Q4,INDUSTRY,25
sg,2018Q4,NETWORK,1
sg,2018Q4,OTHER,25
sg,2018Q4,OTHER_GOV,10
sg,2019Q1,INDUSTRY,17
sg,2019Q1,OTHER,18
sg,2019Q1,OTHER_GOV,5
sg,2019Q2,INDUSTRY,16
sg,2019Q2,OTHER,36
sg,2019Q2,OTHER_GOV,3
sg,2019Q3,INDUSTRY,22
sg,2019Q3,OTHER,31
sg,2019Q3,OTHER_GOV,9
sg,2019Q4,INDUSTRY,24
sg,2019Q4,OTHER,19
sg,2019Q4,OTHER_GOV,4
sg,2020Q1,INDUSTRY,24
sg,2020Q1,NETWORK,1
sg,2020Q1,NIH,1
sg,2020Q1,OTHER,37
sg,2020Q1,OTHER_GOV,6
sg,2020Q2,INDUSTRY,20
sg,2020Q2,NIH,1
sg,2020Q2,OTHER,39
sg,2020Q2,OTHER_GOV,7
sg,2020Q3,INDUSTRY,23
sg,2020Q3,NIH,3
sg,2020Q3,OTHER,34
sg,2020Q3,OTHER_GOV,7
sg,2020Q4,INDUSTRY,32
sg,2020Q4,NIH,1
sg,2020Q4,OTHER,37
sg,2020Q4,OTHER_GOV,10
sg,2021Q1,INDUSTRY,35
sg,2021Q1,OTHER,22
sg,2021Q1,OTHER_GOV,6
sg,2021Q2,INDUSTRY,25
sg,2021Q2,NETWORK,1
sg,2021Q2,OTHER,25
sg,2021Q2,OTHER_GOV,3
sg,2021Q3,INDUSTRY,30
sg,2021Q3,NIH,1
sg,2021Q3,OTHER,51
sg,2021Q3,OTHER_GOV,4
sg,2021Q4,INDUSTRY,28
sg,2021Q4,OTHER,29
sg,2021Q4,OTHER_GOV,4
sg,2022Q1,INDUSTRY,16
sg,2022Q1,OTHER,41
sg,2022Q1,OTHER_GOV,6
sg,2022Q2,INDUSTRY,29
sg,2022Q2,OTHER,35
sg,2022Q2,OTHER_GOV,7
sg,2022Q3,INDUSTRY,30
sg,2022Q3,OTHER,33
sg,2022Q3,OTHER_GOV,6
sg,2022Q4,INDUSTRY,24
sg,2022Q4,OTHER,26
sg,2022Q4,OTHER_GOV,3
sg,2023Q1,INDUSTRY,19
sg,2023Q1,NIH,5
sg,2023Q1,OTHER,29
sg,2023Q1,OTHER_GOV,7
sg,2023Q2,INDUSTRY,30
sg,2023Q2,OTHER,23
sg,2023Q2,OTHER_GOV,1
sg,2023Q3,INDUSTRY,22
sg,2023Q3,NIH,1
sg,2023Q3,OTHER,27
sg,2023Q3,OTHER_GOV,3
sg,2023Q4,INDUSTRY,22
sg,2023Q4,NETWORK,1
sg,2023Q4,OTHER,19
sg,2023Q4,OTHER_GOV,3
sg,2024Q1,INDUSTRY,18
sg,2024Q1,OTHER,30
sg,2024Q1,OTHER_GOV,6
sg,2024Q2,INDUSTRY,19
sg,2024Q2,OTHER,34
sg,2024Q2,OTHER_GOV,5
sg,2024Q3,INDUSTRY,23
sg,2024Q3,NETWORK,1
sg,2024Q3,OTHER,31
sg,2024Q3,OTHER_GOV,6
sg,2024Q4,INDUSTRY,20
sg,2024Q4,OTHER,35
sg,2024Q4,OTHER_GOV,5
