city,quarter,phase,count
hk,2015Q1,NA,16
hk,2015Q1,NO_PHASE_FIELD,2
hk,2015Q1,PHASE1,3
hk,2015Q1,PHASE2,6
hk,2015Q1,PHASE2|PHASE3,4
hk,2015Q1,PHASE3,6
hk,2015Q1,PHASE4,5
hk,2015Q2,NA,16
hk,2015Q2,NO_PHASE_FIELD,7
hk,2015Q2,PHASE1,2
hk,2015Q2,PHASE1|PHASE2,1
hk,2015Q2,PHASE2,3
hk,2015Q2,PHASE2|PHASE3,1
hk,2015Q2,PHASE3,7
hk,2015Q2,PHASE4,5
hk,2015Q3,NA,14
hk,2015Q3,NO_PHASE_FIELD,3
hk,2015Q3,PHASE1,1
hk,2015Q3,PHASE1|PHASE2,1
hk,2015Q3,PHASE2,3
hk,2015Q3,PHASE2|PHASE3,1
hk,2015Q3,PHASE3,10
hk,2015Q3,PHASE4,2
hk,2015Q4,NA,14
hk,2015Q4,NO_PHASE_FIELD,2
hk,2015Q4,PHASE1,4
hk,2015Q4,PHASE2,5
hk,2015Q4,PHASE2|PHASE3,1
hk,2015Q4,PHASE3,13
hk,2015Q4,PHASE4,4
hk,2016Q1,NA,24
hk,2016Q1,NO_PHASE_FIELD,3
hk,2016Q1,PHASE1,1
hk,2016Q1,PHASE1|PHASE2,2
hk,2016Q1,PHASE2,5
hk,2016Q1,PHASE3,9
hk,2016Q2,NA,21
hk,2016Q2,NO_PHASE_FIELD,6
hk,2016Q2,PHASE1,2
hk,2016Q2,PHASE1|PHASE2,2
hk,2016Q2,PHASE2,5
hk,2016Q2,PHASE2|PHASE3,1
hk,2016Q2,PHASE3,9
hk,2016Q2,PHASE4,3
hk,2016Q3,NA,13
hk,2016Q3,NO_PHASE_FIELD,8
hk,2016Q3,PHASE1,2
hk,2016Q3,PHASE2,7
hk,2016Q3,PHASE3,11
hk,2016Q3,PHASE4,1
hk,2016Q4,NA,22
hk,2016Q4,NO_PHASE_FIELD,6
hk,2016Q4,PHASE1,4
hk,2016Q4,PHASE2,7
hk,2016Q4,PHASE2|PHASE3,2
hk,2016Q4,PHASE3,7
hk,2016Q4,PHASE4,3
hk,2017Q1,NA,22
hk,2017Q1,NO_PHASE_FIELD,4
hk,2017Q1,PHASE1,2
hk,2017Q1,PHASE1|PHASE2,2
hk,2017Q1,PHASE2,5
hk,2017Q1,PHASE2|PHASE3,2
hk,2017Q1,PHASE3,15
hk,2017Q1,PHASE4,5
hk,2017Q2,NA,33
hk,2017Q2,NO_PHASE_FIELD,13
hk,2017Q2,PHASE1|PHASE2,2
hk,2017Q2,PHASE2,7
hk,2017Q2,PHASE2|PHASE3,2
hk,2017Q2,PHASE3,14
hk,2017Q3,NA,35
hk,2017Q3,NO_PHASE_FIELD,20
hk,2017Q3,PHASE1,4
hk,2017Q3,PHASE2,4
hk,2017Q3,PHASE2|PHASE3,1
hk,2017Q3,PHASE3,3
hk,2017Q3,PHASE4,3
hk,2017Q4,NA,32
hk,2017Q4,NO_PHASE_FIELD,21
hk,2017Q4,PHASE1,3
hk,2017Q4,PHASE1|PHASE2,1
hk,2017Q4,PHASE2,6
hk,2017Q4,PHASE2|PHASE3,1
hk,2017Q4,PHASE3,13
hk,2017Q4,PHASE4,2
hk,2018Q1,NA,17
hk,2018Q1,NO_PHASE_FIELD,15
hk,2018Q1,PHASE1,1
hk,2018Q1,PHASE1|PHASE2,1
hk,2018Q1,PHASE2,7
hk,2018Q1,PHASE2|PHASE3,3
hk,2018Q1,PHASE3,10
hk,2018Q1,PHASE4,1
hk,2018Q2,NA,16
hk,2018Q2,NO_PHASE_FIELD,12
hk,2018Q2,PHASE1,5
hk,2018Q2,PHASE1|PHASE2,1
hk,2018Q2,PHASE2,4
hk,2018Q2,PHASE2|PHASE3,3
hk,2018Q2,PHASE3,15
hk,2018Q3,NA,46
hk,2018Q3,NO_PHASE_FIELD,20
hk,2018Q3,PHASE1,3
hk,2018Q3,PHASE1|PHASE2,3
hk,2018Q3,PHASE2,10
hk,2018Q3,PHASE2|PHASE3,2
hk,2018Q3,PHASE3,12
hk,2018Q3,PHASE4,5
hk,2018Q4,NA,42
hk,2018Q4,NO_PHASE_FIELD,15
hk,2018Q4,PHASE1,5
hk,2018Q4,PHASE2,3
hk,2018Q4,PHASE2|PHASE3,2
hk,2018Q4,PHASE3,9
hk,2018Q4,PHASE4,2
hk,2019Q1,EARLY_PHASE1,1
hk,2019Q1,NA,40
hk,2019Q1,NO_PHASE_FIELD,21
hk,2019Q1,PHASE1,1
hk,2019Q1,PHASE1|PHASE2,1
hk,2019Q1,PHASE2,6
hk,2019Q1,PHASE2|PHASE3,1
hk,2019Q1,PHASE3,9
hk,2019Q1,PHASE4,4
hk,2019Q2,NA,34
hk,2019Q2,NO_PHASE_FIELD,22
hk,2019Q2,PHASE1,4
hk,2019Q2,PHASE2,10
hk,2019Q2,PHASE2|PHASE3,2
hk,2019Q2,PHASE3,11
hk,2019Q2,PHASE4,3
hk,2019Q3,NA,51
hk,2019Q3,NO_PHASE_FIELD,31
hk,2019Q3,PHASE1,1
hk,2019Q3,PHASE1|PHASE2,1
hk,2019Q3,PHASE2,6
hk,2019Q3,PHASE2|PHASE3,1
hk,2019Q3,PHASE3,17
hk,2019Q3,PHASE4,2
hk,2019Q4,NA,49
hk,2019Q4,NO_PHASE_FIELD,18
hk,2019Q4,PHASE1,2
hk,2019Q4,PHASE2,4
hk,2019Q4,PHASE2|PHASE3,1
hk,2019Q4,PHASE3,8
hk,2019Q4,PHASE4,2
hk,2020Q1,EARLY_PHASE1,2
hk,2020Q1,NA,45
hk,2020Q1,NO_PHASE_FIELD,16
hk,2020Q1,PHASE1|PHASE2,1
hk,2020Q1,PHASE2,9
hk,2020Q1,PHASE2|PHASE3,1
hk,2020Q1,PHASE3,8
hk,2020Q1,PHASE4,1
hk,2020Q2,NA,43
hk,2020Q2,NO_PHASE_FIELD,27
hk,2020Q2,PHASE1,3
hk,2020Q2,PHASE2,10
hk,2020Q2,PHASE2|PHASE3,1
hk,2020Q2,PHASE3,11
hk,2020Q2,PHASE4,2
hk,2020Q3,NA,43
hk,2020Q3,NO_PHASE_FIELD,21
hk,2020Q3,PHASE1,5
hk,2020Q3,PHASE1|PHASE2,3
hk,2020Q3,PHASE2,9
hk,2020Q3,PHASE3,10
hk,2020Q3,PHASE4,5
hk,2020Q4,NA,43
hk,2020Q4,NO_PHASE_FIELD,21
hk,2020Q4,PHASE1|PHASE2,2
hk,2020Q4,PHASE2,13
hk,2020Q4,PHASE2|PHASE3,3
hk,2020Q4,PHASE3,13
hk,2020Q4,PHASE4,3
hk,2021Q1,NA,40
hk,2021Q1,NO_PHASE_FIELD,19
hk,2021Q1,PHASE1,4
hk,2021Q1,PHASE1|PHASE2,4
hk,2021Q1,PHASE2,6
hk,2021Q1,PHASE3,14
hk,2021Q1,PHASE4,4
hk,2021Q2,NA,68
hk,2021Q2,NO_PHASE_FIELD,20
hk,2021Q2,PHASE1,2
hk,2021Q2,PHASE2,8
hk,2021Q2,PHASE2|PHASE3,1
hk,2021Q2,PHASE3,6
hk,2021Q2,PHASE4,3
hk,2021Q3,NA,43
hk,2021Q3,NO_PHASE_FIELD,17
hk,2021Q3,PHASE1,2
hk,2021Q3,PHASE2,11
hk,2021Q3,PHASE2|PHASE3,2
hk,2021Q3,PHASE3,11
hk,2021Q3,PHASE4,2
hk,2021Q4,NA,31
hk,2021Q4,NO_PHASE_FIELD,21
hk,2021Q4,PHASE1,5
hk,2021Q4,PHASE1|PHASE2,2
hk,2021Q4,PHASE2,3
hk,2021Q4,PHASE2|PHASE3,4
hk,2021Q4,PHASE3,13
hk,2021Q4,PHASE4,5
hk,2022Q1,NA,44
hk,2022Q1,NO_PHASE_FIELD,23
hk,2022Q1,PHASE1,1
hk,2022Q1,PHASE1|PHASE2,1
hk,2022Q1,PHASE2,9
hk,2022Q1,PHASE2|PHASE3,3
hk,2022Q1,PHASE3,11
hk,2022Q1,PHASE4,3
hk,2022Q2,EARLY_PHASE1,1
hk,2022Q2,NA,56
hk,2022Q2,NO_PHASE_FIELD,34
hk,2022Q2,PHASE1,3
hk,2022Q2,PHASE1|PHASE2,6
hk,2022Q2,PHASE2,8
hk,2022Q2,PHASE2|PHASE3,1
hk,2022Q2,PHASE3,12
hk,2022Q2,PHASE4,1
hk,2022Q3,NA,70
hk,2022Q3,NO_PHASE_FIELD,17
hk,2022Q3,PHASE1,2
hk,2022Q3,PHASE1|PHASE2,2
hk,2022Q3,PHASE2,4
hk,2022Q3,PHASE2|PHASE3,3
hk,2022Q3,PHASE3,8
hk,2022Q3,PHASE4,1
hk,2022Q4,NA,47
hk,2022Q4,NO_PHASE_FIELD,17
hk,2022Q4,PHASE1,1
hk,2022Q4,PHASE1|PHASE2,3
hk,2022Q4,PHASE2,7
hk,2022Q4,PHASE3,11
hk,2022Q4,PHASE4,2
hk,2023Q1,NA,50
hk,2023Q1,NO_PHASE_FIELD,18
hk,2023Q1,PHASE1,2
hk,2023Q1,PHASE1|PHASE2,1
hk,2023Q1,PHASE2,9
hk,2023Q1,PHASE2|PHASE3,1
hk,2023Q1,PHASE3,7
hk,2023Q1,PHASE4,2
hk,2023Q2,NA,59
hk,2023Q2,NO_PHASE_FIELD,14
hk,2023Q2,PHASE1,1
hk,2023Q2,PHASE2,10
hk,2023Q2,PHASE2|PHASE3,1
hk,2023Q2,PHASE3,14
hk,2023Q3,NA,47
hk,2023Q3,NO_PHASE_FIELD,6
hk,2023Q3,PHASE1,1
hk,2023Q3,PHASE1|PHASE2,1
hk,2023Q3,PHASE2,6
hk,2023Q3,PHASE2|PHASE3,1
hk,2023Q3,PHASE3,13
hk,2023Q3,PHASE4,3
hk,2023Q4,NA,63
hk,2023Q4,NO_PHASE_FIELD,17
hk,2023Q4,PHASE1,1
hk,2023Q4,PHASE1|PHASE2,2
hk,2023Q4,PHASE2,4
hk,2023Q4,PHASE2|PHASE3,1
hk,2023Q4,PHASE3,19
hk,2023Q4,PHASE4,1
hk,2024Q1,EARLY_PHASE1,1
hk,2024Q1,NA,73
hk,2024Q1,NO_PHASE_FIELD,14
hk,2024Q1,PHASE1,1
hk,2024Q1,PHASE2,7
hk,2024Q1,PHASE3,12
hk,2024Q1,PHASE4,1
hk,2024Q2,NA,67
hk,2024Q2,NO_PHASE_FIELD,17
hk,2024Q2,PHASE1,3
hk,2024Q2,PHASE2,5
hk,2024Q2,PHASE2|PHASE3,2
hk,2024Q2,PHASE3,22
hk,2024Q2,PHASE4,4
hk,2024Q3,NA,66
hk,2024Q3,NO_PHASE_FIELD,7
hk,2024Q3,PHASE1,1
hk,2024Q3,PHASE2,6
hk,2024Q3,PHASE2|PHASE3,1
hk,2024Q3,PHASE3,12
hk,2024Q3,PHASE4,2
hk,2024Q4,NA,53
hk,2024Q4,NO_PHASE_FIELD,20
hk,2024Q4,PHASE1,3
hk,2024Q4,PHASE1|PHASE2,2
hk,2024Q4,PHASE2,4
hk,2024Q4,PHASE2|PHASE3,2
hk,2024Q4,PHASE3,21
hk,2024Q4,PHASE4,5
sg,2015Q1,NA,5
sg,2015Q1,NO_PHASE_FIELD,5
sg,2015Q1,PHASE1,14
sg,2015Q1,PHASE1|PHASE2,3
sg,2015Q1,PHASE2,8
sg,2015Q1,PHASE2|PHASE3,1
sg,2015Q1,PHASE3,7
sg,2015Q1,PHASE4,1
sg,2015Q2,NA,4
sg,2015Q2,NO_PHASE_FIELD,6
sg,2015Q2,PHASE1,3
sg,2015Q2,PHASE1|PHASE2,2
sg,2015Q2,PHASE2,6
sg,2015Q2,PHASE3,5
sg,2015Q2,PHASE4,3
sg,2015Q3,NA,10
sg,2015Q3,NO_PHASE_FIELD,6
sg,2015Q3,PHASE1,5
sg,2015Q3,PHASE1|PHASE2,2
sg,2015Q3,PHASE2,2
sg,2015Q3,PHASE2|PHASE3,2
sg,2015Q3,PHASE3,9
sg,2015Q4,NA,12
sg,2015Q4,NO_PHASE_FIELD,4
sg,2015Q4,PHASE1,4
sg,2015Q4,PHASE1|PHASE2,2
sg,2015Q4,PHASE2,5
sg,2015Q4,PHASE3,16
sg,2015Q4,PHASE4,2
sg,2016Q1,NA,6
sg,2016Q1,NO_PHASE_FIELD,11
sg,2016Q1,PHASE1,5
sg,2016Q1,PHASE1|PHASE2,1
sg,2016Q1,PHASE2,2
sg,2016Q1,PHASE2|PHASE3,2
sg,2016Q1,PHASE3,6
sg,2016Q1,PHASE4,2
sg,2016Q2,NA,13
sg,2016Q2,NO_PHASE_FIELD,26
sg,2016Q2,PHASE1,4
sg,2016Q2,PHASE2,9
sg,2016Q2,PHASE2|PHASE3,2
sg,2016Q2,PHASE3,8
sg,2016Q2,PHASE4,2
sg,2016Q3,NA,12
sg,2016Q3,NO_PHASE_FIELD,5
sg,2016Q3,PHASE1,6
sg,2016Q3,PHASE1|PHASE2,3
sg,2016Q3,PHASE2,6
sg,2016Q3,PHASE3,9
sg,2016Q3,PHASE4,1
sg,2016Q4,NA,10
sg,2016Q4,NO_PHASE_FIELD,3
sg,2016Q4,PHASE1,9
sg,2016Q4,PHASE1|PHASE2,1
sg,2016Q4,PHASE2,6
sg,2016Q4,PHASE2|PHASE3,2
sg,2016Q4,PHASE3,14
sg,2016Q4,PHASE4,3
sg,2017Q1,NA,12
sg,2017Q1,NO_PHASE_FIELD,11
sg,2017Q1,PHASE1,4
sg,2017Q1,PHASE1|PHASE2,2
sg,2017Q1,PHASE2,10
sg,2017Q1,PHASE2|PHASE3,2
sg,2017Q1,PHASE3,13
sg,2017Q1,PHASE4,1
sg,2017Q2,NA,12
sg,2017Q2,NO_PHASE_FIELD,8
sg,2017Q2,PHASE1,8
sg,2017Q2,PHASE1|PHASE2,2
sg,2017Q2,PHASE2,13
sg,2017Q2,PHASE2|PHASE3,5
sg,2017Q2,PHASE3,12
sg,2017Q2,PHASE4,3
sg,2017Q3,EARLY_PHASE1,1
sg,2017Q3,NA,19
sg,2017Q3,NO_PHASE_FIELD,11
sg,2017Q3,PHASE1,8
sg,2017Q3,PHASE1|PHASE2,1
sg,2017Q3,PHASE2,7
sg,2017Q3,PHASE3,4
sg,2017Q3,PHASE4,2
sg,2017Q4,NA,19
sg,2017Q4,NO_PHASE_FIELD,8
sg,2017Q4,PHASE1,2
sg,2017Q4,PHASE2,5
sg,2017Q4,PHASE3,13
sg,2017Q4,PHASE4,1
sg,2018Q1,NA,27
sg,2018Q1,NO_PHASE_FIELD,11
sg,2018Q1,PHASE1,3
sg,2018Q1,PHASE2,6
sg,2018Q1,PHASE2|PHASE3,4
sg,2018Q1,PHASE3,11
sg,2018Q2,NA,15
sg,2018Q2,NO_PHASE_FIELD,9
sg,2018Q2,PHASE1,3
sg,2018Q2,PHASE1|PHASE2,1
sg,2018Q2,PHASE2,9
sg,2018Q2,PHASE3,9
sg,2018Q2,PHASE4,2
sg,2018Q3,NA,31
sg,2018Q3,NO_PHASE_FIELD,7
sg,2018Q3,PHASE1,2
sg,2018Q3,PHASE1|PHASE2,6
sg,2018Q3,PHASE2,4
sg,2018Q3,PHASE2|PHASE3,1
sg,2018Q3,PHASE3,20
sg,2018Q3,PHASE4,1
sg,2018Q4,EARLY_PHASE1,1
sg,2018Q4,NA,21
sg,2018Q4,NO_PHASE_FIELD,11
sg,2018Q4,PHASE1,11
sg,2018Q4,PHASE2,4
sg,2018Q4,PHASE2|PHASE3,1
sg,2018Q4,PHASE3,11
sg,2018Q4,PHASE4,1
sg,2019Q1,NA,17
sg,2019Q1,NO_PHASE_FIELD,4
sg,2019Q1,PHASE1,5
sg,2019Q1,PHASE1|PHASE2,1
sg,2019Q1,PHASE2,7
sg,2019Q1,PHASE3,6
sg,2019Q2,EARLY_PHASE1,2
sg,2019Q2,NA,26
sg,2019Q2,NO_PHASE_FIELD,8
sg,2019Q2,PHASE1,4
sg,2019Q2,PHASE2,6
sg,2019Q2,PHASE3,8
sg,2019Q2,PHASE4,1
sg,2019Q3,NA,23
sg,2019Q3,NO_PHASE_FIELD,14
sg,2019Q3,PHASE1,4
sg,2019Q3,PHASE1|PHASE2,3
sg,2019Q3,PHASE2,4
sg,2019Q3,PHASE2|PHASE3,2
sg,2019Q3,PHASE3,11
sg,2019Q3,PHASE4,1
sg,2019Q4,NA,21
sg,2019Q4,NO_PHASE_FIELD,5
sg,2019Q4,PHASE1,1
sg,2019Q4,PHASE1|PHASE2,3
sg,2019Q4,PHASE2,4
sg,2019Q4,PHASE2|PHASE3,1
sg,2019Q4,PHASE3,10
sg,2019Q4,PHASE4,2
sg,2020Q1,EARLY_PHASE1,1
sg,2020Q1,NA,21
sg,2020Q1,NO_PHASE_FIELD,15
sg,2020Q1,PHASE1,7
sg,2020Q1,PHASE1|PHASE2,1
sg,2020Q1,PHASE2,7
sg,2020Q1,PHASE2|PHASE3,2
sg,2020Q1,PHASE3,13
sg,2020Q1,PHASE4,2
sg,2020Q2,NA,17
sg,2020Q2,NO_PHASE_FIELD,25
sg,2020Q2,PHASE1,4
sg,2020Q2,PHASE2,5
sg,2020Q2,PHASE2|PHASE3,1
sg,2020Q2,PHASE3,13
sg,2020Q2,PHASE4,2
sg,2020Q3,NA,26
sg,2020Q3,NO_PHASE_FIELD,10
sg,2020Q3,PHASE1,3
sg,2020Q3,PHASE1|PHASE2,6
sg,2020Q3,PHASE2,8
sg,2020Q3,PHASE3,13
sg,2020Q3,PHASE4,1
sg,2020Q4,NA,25
sg,2020Q4,NO_PHASE_FIELD,17
sg,2020Q4,PHASE1,6
sg,2020Q4,PHASE1|PHASE2,3
sg,2020Q4,PHASE2,12
sg,2020Q4,PHASE2|PHASE3,1
sg,2020Q4,PHASE3,14
sg,2020Q4,PHASE4,2
sg,2021Q1,NA,15
sg,2021Q1,NO_PHASE_FIELD,14
sg,2021Q1,PHASE1,5
sg,2021Q1,PHASE1|PHASE2,1
sg,2021Q1,PHASE2,9
sg,2021Q1,PHASE2|PHASE3,1
sg,2021Q1,PHASE3,17
sg,2021Q1,PHASE4,1
sg,2021Q2,NA,23
sg,2021Q2,NO_PHASE_FIELD,7
sg,2021Q2,PHASE1,10
sg,2021Q2,PHASE1|PHASE2,1
sg,2021Q2,PHASE2,6
sg,2021Q2,PHASE3,5
sg,2021Q2,PHASE4,2
sg,2021Q3,NA,26
sg,2021Q3,NO_PHASE_FIELD,28
sg,2021Q3,PHASE1,5
sg,2021Q3,PHASE1|PHASE2,4
sg,2021Q3,PHASE2,9
sg,2021Q3,PHASE2|PHASE3,3
sg,2021Q3,PHASE3,9
sg,2021Q3,PHASE4,2
sg,2021Q4,NA,20
sg,2021Q4,NO_PHASE_FIELD,8
sg,2021Q4,PHASE1,5
sg,2021Q4,PHASE1|PHASE2,6
sg,2021Q4,PHASE2,4
sg,2021Q4,PHASE2|PHASE3,1
sg,2021Q4,PHASE3,12
sg,2021Q4,PHASE4,5
sg,2022Q1,NA,20
sg,2022Q1,NO_PHASE_FIELD,12
sg,2022Q1,PHASE1,4
sg,2022Q1,PHASE1|PHASE2,5
sg,2022Q1,PHASE2,13
sg,2022Q1,PHASE2|PHASE3,2
sg,2022Q1,PHASE3,5
sg,2022Q1,PHASE4,1
sg,2022Q2,EARLY_PHASE1,1
sg,2022Q2,NA,31
sg,2022Q2,NO_PHASE_FIELD,7
sg,2022Q2,PHASE1,6
sg,2022Q2,PHASE1|PHASE2,9
sg,2022Q2,PHASE2,3
sg,2022Q2,PHASE3,12
sg,2022Q2,PHASE4,2
sg,2022Q3,NA,31
sg,2022Q3,NO_PHASE_FIELD,7
sg,2022Q3,PHASE1,9
sg,2022Q3,PHASE1|PHASE2,3
sg,2022Q3,PHASE2,8
sg,2022Q3,PHASE3,10
sg,2022Q3,PHASE4,1
sg,2022Q4,NA,18
sg,2022Q4,NO_PHASE_FIELD,12
sg,2022Q4,PHASE1,4
sg,2022Q4,PHASE2,4
sg,2022Q4,PHASE2|PHASE3,1
sg,2022Q4,PHASE3,14
sg,2023Q1,NA,23
sg,2023Q1,NO_PHASE_FIELD,10
sg,2023Q1,PHASE1,4
sg,2023Q1,PHASE1|PHASE2,1
sg,2023Q1,PHASE2,3
sg,2023Q1,PHASE2|PHASE3,1
sg,2023Q1,PHASE3,18
sg,2023Q2,NA,21
sg,2023Q2,NO_PHASE_FIELD,7
sg,2023Q2,PHASE1,4
sg,2023Q2,PHASE1|PHASE2,1
sg,2023Q2,PHASE2,6
sg,2023Q2,PHASE2|PHASE3,2
sg,2023Q2,PHASE3,12
sg,2023Q2,PHASE4,1
sg,2023Q3,NA,25
sg,2023Q3,NO_PHASE_FIELD,4
sg,2023Q3,PHASE1,4
sg,2023Q3,PHASE1|PHASE2,1
sg,2023Q3,PHASE2,6
sg,2023Q3,PHASE3,12
sg,2023Q3,PHASE4,1
sg,2023Q4,NA,17
sg,2023Q4,NO_PHASE_FIELD,6
sg,2023Q4,PHASE1,1
sg,2023Q4,PHASE2,6
sg,2023Q4,PHASE2|PHASE3,2
sg,2023Q4,PHASE3,13
sg,2024Q1,NA,27
sg,2024Q1,NO_PHASE_FIELD,10
sg,2024Q1,PHASE1,2
sg,2024Q1,PHASE1|PHASE2,1
sg,2024Q1,PHASE2,5
sg,2024Q1,PHASE2|PHASE3,1
sg,2024Q1,PHASE3,8
sg,2024Q2,NA,31
sg,2024Q2,NO_PHASE_FIELD,7
sg,2024Q2,PHASE1,2
sg,2024Q2,PHASE1|PHASE2,1
sg,2024Q2,PHASE2,3
sg,2024Q2,PHASE3,14
sg,2024Q3,NA,23
sg,2024Q3,NO_PHASE_FIELD,16
sg,2024Q3,PHASE1,4
sg,2024Q3,PHASE2,7
sg,2024Q3,PHASE2|PHASE3,1
sg,2024Q3,PHASE3,10
sg,2024Q4,EARLY_PHASE1,2
sg,2024Q4,NA,19
sg,2024Q4,NO_PHASE_FIELD,12
sg,2024Q4,PHASE1,2
sg,2024Q4,PHASE1|PHASE2,4
sg,2024Q4,PHASE2,7
sg,2024Q4,PHASE3,13
sg,2024Q4,PHASE4,1
