industry,city,quarter,works,intl_works,cn_any_works,cn_only_works,intl_works_ac
ai,hk,2015Q1,230,150,94,72,150
ai,hk,2015Q2,101,77,43,27,77
ai,hk,2015Q3,102,73,49,32,73
ai,hk,2015Q4,117,86,60,41,86
ai,hk,2016Q1,179,128,78,50,128
ai,hk,2016Q2,97,70,47,35,70
ai,hk,2016Q3,115,79,47,32,79
ai,hk,2016Q4,106,65,35,23,65
ai,hk,2017Q1,265,194,119,79,194
ai,hk,2017Q2,116,91,63,43,91
ai,hk,2017Q3,144,106,73,51,106
ai,hk,2017Q4,152,116,74,50,116
ai,hk,2018Q1,291,219,146,113,219
ai,hk,2018Q2,177,134,84,61,134
ai,hk,2018Q3,156,120,93,72,120
ai,hk,2018Q4,154,113,83,53,113
ai,hk,2019Q1,322,247,160,110,247
ai,hk,2019Q2,199,152,109,68,152
ai,hk,2019Q3,243,178,129,81,179
ai,hk,2019Q4,229,179,130,89,179
ai,hk,2020Q1,478,368,226,135,368
ai,hk,2020Q2,308,238,168,106,238
ai,hk,2020Q3,242,187,132,90,187
ai,hk,2020Q4,316,248,169,108,248
ai,hk,2021Q1,507,372,274,163,372
ai,hk,2021Q2,444,350,255,157,350
ai,hk,2021Q3,327,268,190,114,268
ai,hk,2021Q4,378,284,203,122,285
ai,hk,2022Q1,668,526,385,235,526
ai,hk,2022Q2,470,367,275,169,367
ai,hk,2022Q3,368,293,223,148,293
ai,hk,2022Q4,487,377,276,182,377
ai,hk,2023Q1,847,674,485,302,676
ai,hk,2023Q2,688,569,447,292,570
ai,hk,2023Q3,555,453,347,220,453
ai,hk,2023Q4,756,614,489,293,614
ai,hk,2024Q1,1187,965,765,501,965
ai,hk,2024Q2,849,685,529,348,686
ai,hk,2024Q3,744,602,460,297,602
ai,hk,2024Q4,914,734,571,386,736
ai,sg,2015Q1,310,197,72,43,197
ai,sg,2015Q2,157,112,48,29,113
ai,sg,2015Q3,149,91,36,19,91
ai,sg,2015Q4,181,110,39,26,110
ai,sg,2016Q1,363,237,100,60,238
ai,sg,2016Q2,176,125,48,31,125
ai,sg,2016Q3,192,128,51,33,128
ai,sg,2016Q4,179,115,36,27,116
ai,sg,2017Q1,329,229,77,52,231
ai,sg,2017Q2,150,111,40,32,111
ai,sg,2017Q3,183,126,55,33,126
ai,sg,2017Q4,229,140,60,38,140
ai,sg,2018Q1,345,248,96,51,248
ai,sg,2018Q2,231,154,65,37,154
ai,sg,2018Q3,215,143,62,44,143
ai,sg,2018Q4,257,163,71,42,165
ai,sg,2019Q1,409,305,113,65,305
ai,sg,2019Q2,242,176,75,33,176
ai,sg,2019Q3,287,202,82,49,202
ai,sg,2019Q4,322,202,89,42,202
ai,sg,2020Q1,532,396,188,100,397
ai,sg,2020Q2,363,283,142,73,283
ai,sg,2020Q3,313,206,109,50,207
ai,sg,2020Q4,357,249,137,77,250
ai,sg,2021Q1,554,399,214,134,400
ai,sg,2021Q2,481,335,189,95,335
ai,sg,2021Q3,409,277,143,80,278
ai,sg,2021Q4,415,300,169,101,301
ai,sg,2022Q1,671,470,285,162,470
ai,sg,2022Q2,437,297,161,99,297
ai,sg,2022Q3,406,298,156,93,298
ai,sg,2022Q4,518,367,203,129,367
ai,sg,2023Q1,863,628,344,194,628
ai,sg,2023Q2,686,514,315,194,515
ai,sg,2023Q3,499,367,208,120,367
ai,sg,2023Q4,679,496,327,185,496
ai,sg,2024Q1,1000,751,470,272,752
ai,sg,2024Q2,776,591,368,215,591
ai,sg,2024Q3,616,474,283,166,474
ai,sg,2024Q4,728,549,365,228,549
biomed,hk,2015Q1,1439,1004,785,561,1004
biomed,hk,2015Q2,1191,858,624,418,858
biomed,hk,2015Q3,1095,807,594,385,807
biomed,hk,2015Q4,1165,872,649,443,872
biomed,hk,2016Q1,1602,1201,892,621,1202
biomed,hk,2016Q2,1166,880,638,432,881
biomed,hk,2016Q3,1148,864,603,414,864
biomed,hk,2016Q4,1233,966,710,474,966
biomed,hk,2017Q1,1567,1172,864,555,1172
biomed,hk,2017Q2,1259,933,679,467,935
biomed,hk,2017Q3,1208,902,641,428,902
biomed,hk,2017Q4,1197,930,684,438,930
biomed,hk,2018Q1,1568,1207,946,616,1207
biomed,hk,2018Q2,1288,996,711,447,996
biomed,hk,2018Q3,1296,1018,730,445,1018
biomed,hk,2018Q4,1268,1027,733,455,1027
biomed,hk,2019Q1,1728,1392,1018,661,1392
biomed,hk,2019Q2,1372,1077,792,482,1077
biomed,hk,2019Q3,1560,1198,827,484,1198
biomed,hk,2019Q4,1421,1092,796,484,1092
biomed,hk,2020Q1,2172,1753,1301,785,1753
biomed,hk,2020Q2,1949,1557,1101,700,1558
biomed,hk,2020Q3,1887,1509,1080,649,1509
biomed,hk,2020Q4,1841,1478,1066,641,1479
biomed,hk,2021Q1,2629,2160,1621,959,2160
biomed,hk,2021Q2,1862,1483,1066,652,1483
biomed,hk,2021Q3,1812,1457,1043,641,1457
biomed,hk,2021Q4,1941,1581,1165,704,1581
biomed,hk,2022Q1,3145,2661,2031,1015,2661
biomed,hk,2022Q2,1997,1634,1219,779,1634
biomed,hk,2022Q3,2077,1702,1281,782,1702
biomed,hk,2022Q4,2058,1662,1241,752,1662
biomed,hk,2023Q1,3162,2593,2043,1065,2594
biomed,hk,2023Q2,2057,1602,1193,741,1602
biomed,hk,2023Q3,1927,1585,1154,686,1586
biomed,hk,2023Q4,2097,1691,1230,729,1692
biomed,hk,2024Q1,2763,2247,1711,1092,2249
biomed,hk,2024Q2,2127,1775,1340,816,1775
biomed,hk,2024Q3,2076,1721,1282,810,1721
biomed,hk,2024Q4,2298,1911,1422,896,1912
biomed,sg,2015Q1,1741,950,176,68,950
biomed,sg,2015Q2,1515,863,155,62,863
biomed,sg,2015Q3,1399,739,130,47,740
biomed,sg,2015Q4,1487,846,147,67,846
biomed,sg,2016Q1,1839,1030,189,76,1030
biomed,sg,2016Q2,1563,866,152,61,867
biomed,sg,2016Q3,1599,887,151,74,889
biomed,sg,2016Q4,1572,879,171,66,879
biomed,sg,2017Q1,1931,1113,199,78,1113
biomed,sg,2017Q2,1678,974,170,73,975
biomed,sg,2017Q3,1730,971,181,71,971
biomed,sg,2017Q4,1585,976,173,57,976
biomed,sg,2018Q1,2147,1220,241,108,1220
biomed,sg,2018Q2,1759,1034,195,82,1034
biomed,sg,2018Q3,1695,1014,175,70,1015
biomed,sg,2018Q4,1614,942,197,69,942
biomed,sg,2019Q1,2495,1577,274,103,1577
biomed,sg,2019Q2,1717,1020,212,72,1020
biomed,sg,2019Q3,1852,1117,243,76,1117
biomed,sg,2019Q4,2031,1244,263,94,1245
biomed,sg,2020Q1,2511,1559,365,144,1559
biomed,sg,2020Q2,2506,1415,329,93,1415
biomed,sg,2020Q3,2370,1363,336,117,1364
biomed,sg,2020Q4,2360,1416,326,111,1421
biomed,sg,2021Q1,2934,1801,463,148,1803
biomed,sg,2021Q2,2273,1389,289,105,1391
biomed,sg,2021Q3,2159,1319,306,106,1319
biomed,sg,2021Q4,2269,1332,337,145,1334
biomed,sg,2022Q1,2946,1949,682,197,1949
biomed,sg,2022Q2,2118,1283,311,108,1288
biomed,sg,2022Q3,2101,1327,338,118,1327
biomed,sg,2022Q4,2177,1400,341,136,1402
biomed,sg,2023Q1,2978,1965,576,183,1966
biomed,sg,2023Q2,2121,1411,375,134,1412
biomed,sg,2023Q3,2065,1346,348,144,1347
biomed,sg,2023Q4,2333,1538,415,136,1538
biomed,sg,2024Q1,2787,1826,518,222,1826
biomed,sg,2024Q2,2270,1464,413,156,1464
biomed,sg,2024Q3,2132,1412,433,168,1417
biomed,sg,2024Q4,2472,1650,476,202,1651
fintech_kw,hk,2015Q1,6,4,0,0,4
fintech_kw,hk,2015Q2,1,0,0,0,0
fintech_kw,hk,2015Q3,1,1,1,0,1
fintech_kw,hk,2015Q4,3,3,2,1,3
fintech_kw,hk,2016Q1,6,5,1,1,5
fintech_kw,hk,2016Q2,1,0,0,0,0
fintech_kw,hk,2016Q3,8,7,2,0,7
fintech_kw,hk,2016Q4,6,5,3,0,5
fintech_kw,hk,2017Q1,19,12,3,2,12
fintech_kw,hk,2017Q2,3,2,1,1,2
fintech_kw,hk,2017Q3,8,6,3,3,6
fintech_kw,hk,2017Q4,6,5,3,2,5
fintech_kw,hk,2018Q1,21,18,7,3,18
fintech_kw,hk,2018Q2,13,10,4,1,10
fintech_kw,hk,2018Q3,19,13,3,2,13
fintech_kw,hk,2018Q4,11,7,4,1,7
fintech_kw,hk,2019Q1,52,34,12,4,34
fintech_kw,hk,2019Q2,19,16,10,5,16
fintech_kw,hk,2019Q3,13,10,2,1,10
fintech_kw,hk,2019Q4,23,17,13,6,17
fintech_kw,hk,2020Q1,65,48,24,10,48
fintech_kw,hk,2020Q2,23,18,11,3,18
fintech_kw,hk,2020Q3,31,25,16,8,25
fintech_kw,hk,2020Q4,29,26,13,6,26
fintech_kw,hk,2021Q1,78,58,21,11,58
fintech_kw,hk,2021Q2,44,36,17,7,36
fintech_kw,hk,2021Q3,33,22,14,5,22
fintech_kw,hk,2021Q4,55,37,25,15,37
fintech_kw,hk,2022Q1,79,50,26,10,50
fintech_kw,hk,2022Q2,33,29,18,12,29
fintech_kw,hk,2022Q3,56,42,24,13,42
fintech_kw,hk,2022Q4,56,42,28,15,42
fintech_kw,hk,2023Q1,122,87,48,21,87
fintech_kw,hk,2023Q2,66,51,31,17,51
fintech_kw,hk,2023Q3,70,43,31,20,43
fintech_kw,hk,2023Q4,101,66,37,16,66
fintech_kw,hk,2024Q1,131,90,57,31,91
fintech_kw,hk,2024Q2,83,64,35,19,64
fintech_kw,hk,2024Q3,77,58,39,22,58
fintech_kw,hk,2024Q4,100,64,35,21,64
fintech_kw,sg,2015Q1,12,4,1,1,4
fintech_kw,sg,2015Q2,1,1,0,0,1
fintech_kw,sg,2015Q3,2,0,0,0,0
fintech_kw,sg,2015Q4,3,2,0,0,2
fintech_kw,sg,2016Q1,10,6,1,1,6
fintech_kw,sg,2016Q2,2,0,0,0,0
fintech_kw,sg,2016Q3,2,2,0,0,2
fintech_kw,sg,2016Q4,3,0,0,0,0
fintech_kw,sg,2017Q1,16,13,4,4,13
fintech_kw,sg,2017Q2,4,2,0,0,2
fintech_kw,sg,2017Q3,8,4,1,0,4
fintech_kw,sg,2017Q4,15,11,1,0,11
fintech_kw,sg,2018Q1,27,18,7,3,18
fintech_kw,sg,2018Q2,12,7,2,0,7
fintech_kw,sg,2018Q3,15,13,4,1,13
fintech_kw,sg,2018Q4,23,16,5,2,16
fintech_kw,sg,2019Q1,47,30,10,3,30
fintech_kw,sg,2019Q2,14,12,6,3,12
fintech_kw,sg,2019Q3,22,14,2,1,14
fintech_kw,sg,2019Q4,21,17,8,5,17
fintech_kw,sg,2020Q1,73,47,26,14,47
fintech_kw,sg,2020Q2,30,20,9,4,20
fintech_kw,sg,2020Q3,29,19,7,3,19
fintech_kw,sg,2020Q4,29,24,5,1,24
fintech_kw,sg,2021Q1,70,44,13,6,44
fintech_kw,sg,2021Q2,31,22,8,4,22
fintech_kw,sg,2021Q3,39,27,8,4,27
fintech_kw,sg,2021Q4,32,25,7,0,26
fintech_kw,sg,2022Q1,78,54,18,10,54
fintech_kw,sg,2022Q2,35,29,11,5,29
fintech_kw,sg,2022Q3,35,25,6,3,25
fintech_kw,sg,2022Q4,56,43,25,12,43
fintech_kw,sg,2023Q1,92,72,25,8,72
fintech_kw,sg,2023Q2,64,45,20,10,45
fintech_kw,sg,2023Q3,62,39,13,10,39
fintech_kw,sg,2023Q4,63,45,21,10,45
fintech_kw,sg,2024Q1,114,80,28,14,80
fintech_kw,sg,2024Q2,58,40,11,3,40
fintech_kw,sg,2024Q3,47,32,18,10,32
fintech_kw,sg,2024Q4,67,49,23,14,49
