industry,year,hk,sg,ratio,lnr
ai,2017,1383.0,2031.0,0.6809453471196455,-0.38427322991562646
ai,2018,1554.0,2174.0,0.7148114075436982,-0.3357365367535621
ai,2019,1885.0,2418.0,0.7795698924731183,-0.2490129312926269
ai,2020,2197.0,2805.0,0.7832442067736185,-0.24431074557218652
ai,2021,2735.0,3383.0,0.8084540348802838,-0.2126314539246269
ai,2022,3356.0,3908.0,0.8587512794268168,-0.1522759455755765
ai,2023,4309.0,4702.0,0.9164185452998724,-0.08728209148417677
ai,2024,5633.0,5382.0,1.0466369379412859,0.04558210760786295
biomed,2017,21683.0,25599.0,0.8470252744247823,-0.1660247448404768
biomed,2018,22699.0,26674.0,0.8509784809177476,-0.1613684375466378
biomed,2019,23898.0,27156.0,0.8800265134776845,-0.12780324301183849
biomed,2020,27060.0,29738.0,0.9099468693254422,-0.09436906653238951
biomed,2021,29828.0,31725.0,0.9402048857368006,-0.06165746391890299
biomed,2022,34252.0,33313.0,1.028187194188455,0.027797245969658997
biomed,2023,36336.0,34350.0,1.057816593886463,0.05620696669484441
biomed,2024,39612.0,34972.0,1.1326775706279308,0.12458436134041166
fintech,2017,98.0,127.0,0.7716535433070866,-0.2592196077880194
fintech,2018,166.0,236.0,0.7033898305084746,-0.35184401666906684
fintech,2019,236.0,341.0,0.6920821114369502,-0.36805067225790666
fintech,2020,342.0,462.0,0.7402597402597403,-0.3007541540191337
fintech,2021,490.0,537.0,0.9124767225325885,-0.09159270340419236
fintech,2022,695.0,603.0,1.1525704809286899,0.14199464883760665
fintech,2023,953.0,712.0,1.3384831460674158,0.2915369922422264
fintech,2024,1158.0,789.0,1.467680608365019,0.3836833372870662
