industry,city,2015,2016,2017,2018,2019,2020,2021,2022,2023,kind
ai,hk,30,27,38,52,36,49,46,40,64,company_ali_ant_grp
ai,sg,129,97,134,134,243,259,379,280,262,company_ali_ant_grp
biomed,hk,104,108,109,107,140,152,154,132,124,company_ali_ant_grp
biomed,sg,179,147,175,215,191,289,375,372,365,company_ali_ant_grp
fintech,hk,10,14,15,10,24,12,15,10,4,company_ali_ant_grp
fintech,sg,85,66,62,55,63,39,35,61,37,company_ali_ant_grp
ai,hk,30,27,38,52,36,49,46,40,64,company_ali_grp
ai,sg,129,97,135,134,245,275,388,281,263,company_ali_grp
biomed,hk,104,108,109,107,140,152,154,132,124,company_ali_grp
biomed,sg,179,147,175,215,191,289,375,372,365,company_ali_grp
fintech,hk,10,14,15,10,24,12,15,10,4,company_ali_grp
fintech,sg,85,67,64,62,69,71,46,61,39,company_ali_grp
ai,hk,61,41,156,208,176,52,46,40,64,company_asis
ai,sg,129,97,135,134,245,275,395,288,271,company_asis
biomed,hk,105,110,111,112,142,152,154,132,124,company_asis
biomed,sg,179,147,175,215,191,289,375,373,365,company_asis
fintech,hk,30,37,110,212,390,16,15,10,4,company_asis
fintech,sg,85,67,64,62,69,71,46,61,39,company_asis
ai,hk,2,2,6,12,12,6,16,14,17,university
ai,sg,16,7,7,16,8,32,38,57,54,university
biomed,hk,39,45,50,41,40,30,45,60,53,university
biomed,sg,97,88,71,89,74,107,116,117,101,university
fintech,hk,1,0,0,0,0,0,0,1,0,university
fintech,sg,0,0,0,1,0,0,0,2,1,university
ai,hk,1,6,5,10,9,7,7,4,18,public_rd
ai,sg,8,3,13,7,20,13,11,8,12,public_rd
biomed,hk,13,2,8,3,4,2,7,15,24,public_rd
biomed,sg,129,118,121,117,96,104,79,70,102,public_rd
fintech,hk,0,0,1,0,0,2,0,0,0,public_rd
fintech,sg,1,4,1,0,1,0,0,0,0,public_rd
