industry,city,year,works,intl_works,cn_any_works,cn_only_works,cn_any_share,cn_only_share,noncn_works
ai,hk,2015,550,386,246,172,0.44727272727272727,0.31272727272727274,304
ai,hk,2016,497,342,207,140,0.4164989939637827,0.28169014084507044,290
ai,hk,2017,677,507,329,223,0.4859675036927622,0.3293943870014771,348
ai,hk,2018,778,586,406,299,0.5218508997429306,0.38431876606683807,372
ai,hk,2019,993,756,528,348,0.5317220543806647,0.3504531722054381,465
ai,hk,2020,1344,1041,695,439,0.5171130952380952,0.32663690476190477,649
ai,hk,2021,1656,1274,922,556,0.5567632850241546,0.3357487922705314,734
ai,hk,2022,1993,1563,1159,734,0.5815353738083292,0.36828901154039134,834
ai,hk,2023,2846,2310,1768,1107,0.6212227687983134,0.38896697118763174,1078
ai,hk,2024,3694,2986,2325,1532,0.6293990254466703,0.4147265836491608,1369
ai,sg,2015,797,510,195,117,0.24466750313676286,0.1468005018820577,602
ai,sg,2016,910,605,235,151,0.25824175824175827,0.16593406593406593,675
ai,sg,2017,891,606,232,155,0.26038159371492703,0.1739618406285073,659
ai,sg,2018,1048,708,294,174,0.28053435114503816,0.16603053435114504,754
ai,sg,2019,1260,885,359,189,0.2849206349206349,0.15,901
ai,sg,2020,1565,1134,576,300,0.3680511182108626,0.19169329073482427,989
ai,sg,2021,1859,1311,715,410,0.38461538461538464,0.22054868208714362,1144
ai,sg,2022,2032,1432,805,483,0.39616141732283466,0.23769685039370078,1227
ai,sg,2023,2727,2005,1194,693,0.43784378437843785,0.25412541254125415,1533
ai,sg,2024,3120,2365,1486,881,0.47628205128205126,0.28237179487179487,1634
biomed,hk,2015,4890,3541,2652,1807,0.5423312883435583,0.36952965235173824,2238
biomed,hk,2016,5149,3911,2843,1941,0.5521460477762672,0.3769664012429598,2306
biomed,hk,2017,5231,3937,2868,1888,0.5482699292678265,0.36092525329764863,2363
biomed,hk,2018,5420,4248,3120,1963,0.5756457564575646,0.3621771217712177,2300
biomed,hk,2019,6081,4759,3433,2111,0.5645453050485117,0.34714685084690017,2648
biomed,hk,2020,7849,6297,4548,2775,0.5794368709389731,0.3535482227035291,3301
biomed,hk,2021,8244,6681,4895,2956,0.5937651625424551,0.3585638039786511,3349
biomed,hk,2022,9277,7659,5772,3328,0.6221838956559232,0.35873666055837017,3505
biomed,hk,2023,9243,7471,5620,3221,0.6080276966352915,0.34847993075841177,3623
biomed,hk,2024,9264,7654,5755,3614,0.6212219343696027,0.3901122625215889,3509
biomed,sg,2015,6142,3398,608,244,0.09899055682188213,0.03972647346141322,5534
biomed,sg,2016,6573,3662,663,277,0.10086718393427659,0.042142096455195496,5910
biomed,sg,2017,6924,4034,723,279,0.10441941074523396,0.0402946273830156,6201
biomed,sg,2018,7215,4210,808,329,0.11198891198891199,0.0455994455994456,6407
biomed,sg,2019,8095,4958,992,345,0.12254478072884496,0.0426189005558987,7103
biomed,sg,2020,9747,5753,1356,465,0.13911972914742998,0.04770698676515851,8391
biomed,sg,2021,9635,5841,1395,504,0.14478463933575506,0.05230928905033731,8240
biomed,sg,2022,9342,5959,1672,559,0.17897666452579747,0.059837293941340186,7670
biomed,sg,2023,9497,6260,1714,597,0.18047804569864168,0.0628619564072865,7783
biomed,sg,2024,9661,6352,1840,748,0.19045647448504296,0.07742469723631094,7821
fintech,hk,2015,11,8,3,1,0.2727272727272727,0.09090909090909091,8
fintech,hk,2016,21,17,6,1,0.2857142857142857,0.047619047619047616,15
fintech,hk,2017,36,25,10,8,0.2777777777777778,0.2222222222222222,26
fintech,hk,2018,64,48,18,7,0.28125,0.109375,46
fintech,hk,2019,107,77,37,16,0.34579439252336447,0.14953271028037382,70
fintech,hk,2020,148,117,64,27,0.43243243243243246,0.18243243243243243,84
fintech,hk,2021,210,153,77,38,0.36666666666666664,0.18095238095238095,133
fintech,hk,2022,224,163,96,50,0.42857142857142855,0.22321428571428573,128
fintech,hk,2023,359,247,147,74,0.40947075208913647,0.20612813370473537,212
fintech,hk,2024,391,276,166,93,0.42455242966751916,0.23785166240409208,225
fintech,sg,2015,18,7,1,1,0.05555555555555555,0.05555555555555555,17
fintech,sg,2016,17,8,1,1,0.058823529411764705,0.058823529411764705,16
fintech,sg,2017,43,30,6,4,0.13953488372093023,0.09302325581395349,37
fintech,sg,2018,77,54,18,6,0.23376623376623376,0.07792207792207792,59
fintech,sg,2019,104,73,26,12,0.25,0.11538461538461539,78
fintech,sg,2020,161,110,47,22,0.2919254658385093,0.13664596273291926,114
fintech,sg,2021,172,118,36,14,0.20930232558139536,0.08139534883720931,136
fintech,sg,2022,204,151,60,30,0.29411764705882354,0.14705882352941177,144
fintech,sg,2023,281,201,79,38,0.28113879003558717,0.13523131672597866,202
fintech,sg,2024,286,201,80,41,0.27972027972027974,0.14335664335664336,206
