series,industry,window,hk,sg,ratio,lo,hi
大学专利,ai,2015-2017,10,30,0.3333333333333333,0.14536358969058175,0.700570313901671
大学专利,ai,2021-2023,47,149,0.31543624161073824,0.22223743124036455,0.4405314535922694
大学专利,biomed,2015-2017,134,256,0.5234375,0.4215033136713369,0.6475961870516529
大学专利,biomed,2021-2023,158,334,0.47305389221556887,0.38897912114794175,0.5733053197358878
大学专利,fintech,2015-2017,1,0,,0.025641025641025644,
大学专利,fintech,2021-2023,1,3,0.3333333333333333,0.0063495253060273675,4.151440776238426
企业专利,ai,2015-2017,95,360,0.2638888888888889,0.20822941880778725,0.3316900265886673
企业专利,ai,2021-2023,150,921,0.16286644951140064,0.1361259385492684,0.19373926296084007
企业专利,biomed,2015-2017,321,501,0.6407185628742516,0.5551988055509683,0.7385699328055051
企业专利,biomed,2021-2023,410,1112,0.368705035971223,0.32842405112049916,0.4132872011735452
企业专利,fintech,2015-2017,39,213,0.18309859154929578,0.12666387667318812,0.2585522921639651
企业专利,fintech,2021-2023,29,133,0.21804511278195488,0.14062372088120367,0.3277851442888202
公共研究机构专利,ai,2015-2017,12,24,0.5,0.22784026101018057,1.039578205375676
公共研究机构专利,ai,2021-2023,29,31,0.9354838709677419,0.543955478381378,1.6045328115393502
公共研究机构专利,biomed,2015-2017,23,368,0.0625,0.03912383673399298,0.09524149686597422
公共研究机构专利,biomed,2021-2023,46,251,0.18326693227091634,0.1308108702930733,0.25177295268451055
公共研究机构专利,fintech,2015-2017,1,6,0.16666666666666666,0.0036233783333268718,1.3737362061744804
公共研究机构专利,fintech,2021-2023,0,0,,0.0,
